,Unnamed: 0,日期,收盘,开盘,高,低,涨跌幅,收盘点位_x,全收益收盘点位(元)_x,市值(元)_x,流通市值(元)_x,自由流通市值(元)_x,股息率市值加权,收盘点位_y,全收益收盘点位(元)_y,市值(元)_y,流通市值(元)_y,自由流通市值(元)_y,PE-TTM市值加权,PE-TTM 分位点,PE-TTM 80%分位点值,PE-TTM 50%分位点值,PE-TTM 20%分位点值,三月期收益率,六月期收益率,一年期收益率,二年期收益率,三年期收益率,五年期收益率,七年期收益率,十年期收益率,二十年期收益率,三十年期收益率
0,2572,2015/1/1,3.613,3.613,3.613,3.613,0.00%,,,,,,,,,,,,,,,,,,,,,,,,,,
1,2571,2015/1/4,3.621,3.621,3.621,3.621,0.22%,,,,,,,,,,,,,,,,,,,,,,,,,,
2,2570,2015/1/5,3.607,3.63,3.63,3.603,-0.39%,,,,,,,,,,,,,,,,,,,,,,,,,,
3,2569,2015/1/6,3.62,3.627,3.634,3.613,0.36%,,,,,,,,,,,,,,,,,,,,,,,,,,
4,2568,2015/1/7,3.619,3.628,3.628,3.607,-0.03%,,,,,,,,,,,,,,,,,,,,,,,,,,
5,2567,2015/1/8,3.616,3.637,3.637,3.608,-0.08%,,,,,,,,,,,,,,,,,,,,,,,,,,
6,2566,2015/1/9,3.614,3.635,3.635,3.614,-0.06%,,,,,,,,,,,,,,,,,,,,,,,,,,
7,2565,2015/1/12,3.614,3.66,3.66,3.607,0.00%,,,,,,,,,,,,,,,,,,,,,,,,,,
8,2564,2015/1/13,3.602,3.625,3.625,3.59,-0.33%,,,,,,,,,,,,,,,,,0.033433,0.032123,0.032014,0.03232,0.032681,0.034551,0.035301,0.035835,0.039918,0.040921
9,2563,2015/1/14,3.551,3.604,3.604,3.54,-1.42%,3502.423,4033.7,2.78059E+13,2.05329E+13,7.64688E+12,0.024,3502.423,4033.7,2.78059E+13,2.05329E+13,7.64688E+12,12.9406,0.3552,26.2899,14.9905,10.3429,0.033433,0.03218,0.032012,0.032196,0.03246,0.034379,0.034925,0.035411,0.039494,0.040497
10,2562,2015/1/15,3.515,3.529,3.53,3.508,-1.01%,3604.121,4150.82,2.88719E+13,2.13391E+13,7.86861E+12,0.0231,3604.121,4150.82,2.88719E+13,2.13391E+13,7.86861E+12,13.4367,0.3896,26.2899,14.9897,10.3429,0.032933,0.032248,0.032059,0.03209,0.032267,0.034575,0.034957,0.035464,0.039694,0.040697
11,2561,2015/1/16,3.512,3.513,3.521,3.497,-0.09%,3635.146,4186.56,2.92314E+13,2.16037E+13,7.93881E+12,0.0228,3635.146,4186.56,2.92314E+13,2.16037E+13,7.93881E+12,13.604,0.408,26.2899,14.9887,10.3429,0.03208,0.031601,0.032029,0.032088,0.032248,0.034011,0.03439,0.035017,0.039247,0.04025
12,2560,2015/1/19,3.473,3.48,3.51,3.43,-1.11%,3355.155,3864.09,2.67928E+13,1.98215E+13,7.32521E+12,0.0249,3355.155,3864.09,2.67928E+13,1.98215E+13,7.32521E+12,12.4691,0.3426,26.2899,14.9876,10.3429,0.031906,0.031801,0.031887,0.032026,0.032254,0.034013,0.034385,0.03475,0.03898,0.039983
13,2559,2015/1/20,3.47,3.47,3.473,3.46,-0.09%,3396.222,3911.39,2.71526E+13,2.01131E+13,7.41067E+12,0.0246,3396.222,3911.39,2.71526E+13,2.01131E+13,7.41067E+12,12.6366,0.3475,26.2899,14.9849,10.3429,0.032206,0.031776,0.031812,0.031936,0.032165,0.03399,0.034276,0.034711,0.038941,0.039944
14,2558,2015/1/21,3.448,3.464,3.464,3.442,-0.63%,3548.885,4087.21,2.85666E+13,2.11492E+13,7.74664E+12,0.0234,3548.885,4087.21,2.85666E+13,2.11492E+13,7.74664E+12,13.2946,0.3751,26.2781,14.9821,10.3508,0.032006,0.032028,0.031752,0.031909,0.032161,0.03382,0.034132,0.034672,0.038902,0.039905
15,2557,2015/1/22,3.432,3.445,3.455,3.418,-0.46%,3567.613,4108.78,2.86407E+13,2.12195E+13,7.78791E+12,0.0233,3567.613,4108.78,2.86407E+13,2.12195E+13,7.78791E+12,13.3291,0.3779,26.2781,14.9758,10.3508,0.031606,0.031533,0.031652,0.031809,0.032055,0.033651,0.033986,0.034521,0.03875,0.039753
16,2556,2015/1/23,3.424,3.431,3.435,3.416,-0.23%,3571.732,4113.52,2.8748E+13,2.13066E+13,7.79959E+12,0.0232,3571.732,4113.52,2.8748E+13,2.13066E+13,7.79959E+12,13.379,0.3832,26.2781,14.9695,10.3508,0.031706,0.031454,0.031606,0.031741,0.03196,0.033513,0.034002,0.03452,0.038749,0.039752
17,2555,2015/1/26,3.417,3.45,3.45,3.405,-0.20%,3607.985,4155.27,2.90693E+13,2.14036E+13,7.87347E+12,0.0229,3607.985,4155.27,2.90693E+13,2.14036E+13,7.87347E+12,13.5136,0.3994,26.2781,14.9637,10.3508,0.031428,0.03128,0.031427,0.03143,0.031534,0.033272,0.033645,0.034341,0.03857,0.039573
18,2554,2015/1/27,3.401,3.423,3.423,3.383,-0.47%,3574.931,4117.21,2.86934E+13,2.11363E+13,7.79842E+12,0.0232,3574.931,4117.21,2.86934E+13,2.11363E+13,7.79842E+12,13.3388,0.3787,26.2781,14.9579,10.3508,0.031428,0.031096,0.030817,0.031241,0.031701,0.03322,0.033979,0.034309,0.038538,0.039541
19,2553,2015/1/28,3.413,3.413,3.435,3.4,0.35%,3525.323,4060.07,2.82107E+13,2.07969E+13,7.68943E+12,0.0236,3525.323,4060.07,2.82107E+13,2.07969E+13,7.68943E+12,13.1144,0.3634,26.2645,14.9571,10.3521,0.031147,0.031217,0.030955,0.031333,0.031794,0.033806,0.034275,0.034767,0.038638,0.039674
20,2552,2015/1/29,3.447,3.43,3.454,3.43,1.00%,3481.798,4009.95,2.77909E+13,2.04797E+13,7.59282E+12,0.024,3481.798,4009.95,2.77909E+13,2.04797E+13,7.59282E+12,12.9192,0.3528,26.2645,14.9562,10.3521,0.031547,0.031028,0.03098,0.031405,0.031926,0.034086,0.034502,0.034966,0.038838,0.039874
21,2551,2015/1/30,3.464,3.45,3.468,3.45,0.49%,3434.39,3955.35,2.73583E+13,2.01597E+13,7.49E+12,0.0244,3434.39,3955.35,2.73583E+13,2.01597E+13,7.49E+12,12.7182,0.348,26.2645,14.9547,10.3521,0.031847,0.031428,0.030963,0.031553,0.032198,0.034117,0.034402,0.035019,0.03889,0.039926
22,2550,2015/2/1,3.464,3.464,3.464,3.464,0.00%,,,,,,,,,,,,,,,,,,,,,,,,,,
23,2549,2015/2/2,3.442,3.51,3.51,3.442,-0.64%,3353.96,3862.72,2.65387E+13,1.95747E+13,7.31429E+12,0.0251,3353.96,3862.72,2.65387E+13,1.95747E+13,7.31429E+12,12.3371,0.3395,26.2645,14.9532,10.3521,0.031947,0.031368,0.030832,0.031417,0.032044,0.033753,0.034036,0.034729,0.0386,0.039636
24,2548,2015/2/3,3.42,3.448,3.448,3.415,-0.64%,3437.445,3958.87,2.72725E+13,2.01229E+13,7.49779E+12,0.0245,3437.445,3958.87,2.72725E+13,2.01229E+13,7.49779E+12,12.6782,0.3473,26.2645,14.9498,10.3521,0.032347,0.031567,0.030907,0.031432,0.032033,0.033787,0.033901,0.034533,0.038403,0.039439
25,2547,2015/2/4,3.418,3.415,3.425,3.41,-0.06%,3401.768,3917.78,2.6942E+13,1.98832E+13,7.41657E+12,0.0248,3401.768,3917.78,2.6942E+13,1.98832E+13,7.41657E+12,12.5246,0.3446,26.2511,14.9465,10.3544,0.031699,0.031543,0.030906,0.031288,0.031788,0.033697,0.033851,0.034589,0.038459,0.039495
26,2546,2015/2/5,3.414,3.42,3.42,3.407,-0.12%,3366.946,3877.67,2.66079E+13,1.96387E+13,7.34366E+12,0.0251,3366.946,3877.67,2.66079E+13,1.96387E+13,7.34366E+12,12.3693,0.3395,26.2511,14.932,10.3544,0.031513,0.030543,0.030804,0.03082,0.03098,0.033384,0.03368,0.034018,0.037888,0.038924
27,2545,2015/2/6,3.404,3.413,3.42,3.393,-0.29%,3312.42,3814.88,2.6085E+13,1.92565E+13,7.22387E+12,0.0256,3312.42,3814.88,2.6085E+13,1.92565E+13,7.22387E+12,12.1262,0.3364,26.2511,14.9175,10.3544,0.031513,0.030286,0.030912,0.031066,0.031377,0.033498,0.033843,0.034325,0.038189,0.039225
28,2544,2015/2/9,3.407,3.42,3.42,3.388,0.09%,3345.921,3853.46,2.63301E+13,1.94455E+13,7.29844E+12,0.0253,3345.921,3853.46,2.63301E+13,1.94455E+13,7.29844E+12,12.2401,0.3379,26.2511,14.9054,10.3544,0.031228,0.030586,0.030856,0.031147,0.031536,0.03328,0.03358,0.034236,0.0381,0.039136
29,2543,2015/2/10,3.39,3.41,3.41,3.381,-0.50%,3406.943,3923.74,2.67929E+13,1.9799E+13,7.43277E+12,0.0249,3406.943,3923.74,2.67929E+13,1.9799E+13,7.43277E+12,12.4553,0.3416,26.2511,14.8932,10.3544,0.031516,0.031162,0.030932,0.031102,0.031443,0.033277,0.033453,0.034299,0.038163,0.039199
30,2542,2015/2/11,3.385,3.383,3.393,3.37,-0.15%,3434.124,3955.04,2.6932E+13,1.99056E+13,7.49237E+12,0.0248,3434.124,3955.04,2.6932E+13,1.99056E+13,7.49237E+12,12.52,0.3456,26.2284,14.8889,10.3573,0.031516,0.030786,0.030928,0.031037,0.031308,0.032856,0.032982,0.033954,0.037819,0.038855
31,2541,2015/2/12,3.326,3.363,3.368,3.317,-1.74%,3442.874,3965.12,2.70213E+13,1.99841E+13,7.5113E+12,0.0247,3442.874,3965.12,2.70213E+13,1.99841E+13,7.5113E+12,12.5615,0.3471,26.2284,14.8846,10.3573,0.031388,0.030789,0.030872,0.030947,0.031145,0.032509,0.032718,0.033865,0.037729,0.038855
32,2540,2015/2/13,3.294,3.333,3.333,3.294,-0.96%,3469.828,3996.16,2.72619E+13,2.01321E+13,7.56884E+12,0.0245,3469.828,3996.16,2.72619E+13,2.01321E+13,7.56884E+12,12.6722,0.3491,26.2284,14.8818,10.3573,0.031088,0.030815,0.030859,0.03086,0.030872,0.032167,0.032613,0.033552,0.037416,0.039055
33,2539,2015/2/15,3.32,3.32,3.32,3.32,0.79%,,,,,,,,,,,,,,,,,0.031135,0.03052,0.030656,0.03066,0.030733,0.032118,0.032413,0.033625,0.037489,0.039128
34,2538,2015/2/16,3.304,3.32,3.32,3.304,-0.48%,3499.483,4030.32,2.7381E+13,2.02223E+13,7.633E+12,0.0244,3499.483,4030.32,2.7381E+13,2.02223E+13,7.633E+12,12.7188,0.351,26.2284,14.879,10.3573,0.030756,0.030182,0.030801,0.030527,0.030588,0.031966,0.032206,0.033374,0.037238,0.038877
35,2537,2015/2/17,3.288,3.29,3.293,3.273,-0.48%,3522.322,4056.62,2.75734E+13,2.03789E+13,7.68791E+12,0.0242,3522.322,4056.62,2.75734E+13,2.03789E+13,7.68791E+12,12.8072,0.3538,26.2284,14.8776,10.3573,0.030756,0.030182,0.030623,0.030744,0.030948,0.031974,0.032314,0.033373,0.037238,0.038877
36,2536,2015/2/19,3.288,3.288,3.288,3.288,0.00%,,,,,,,,,,,,,,,,,,,,,,,,,,
37,2535,2015/2/25,3.273,3.3,3.3,3.235,-0.46%,3478.729,4006.41,2.73219E+13,2.02525E+13,7.5916E+12,0.0244,3478.729,4006.41,2.73219E+13,2.02525E+13,7.5916E+12,12.6904,0.3499,26.2064,14.8762,10.3582,0.030656,0.030014,0.030353,0.030524,0.030764,0.031821,0.031982,0.03349,0.037354,0.038993
38,2534,2015/2/26,3.248,3.273,3.275,3.243,-0.76%,3566.295,4107.26,2.79943E+13,2.07281E+13,7.78124E+12,0.0239,3566.295,4107.26,2.79943E+13,2.07281E+13,7.78124E+12,13.0027,0.3627,26.2064,14.8722,10.3582,0.030491,0.029858,0.030353,0.030524,0.030762,0.031934,0.032258,0.033594,0.037458,0.039052
39,2533,2015/2/27,3.271,3.262,3.277,3.26,0.71%,3572.843,4114.8,2.8065E+13,2.07767E+13,7.79355E+12,0.0238,3572.843,4114.8,2.8065E+13,2.07767E+13,7.79355E+12,13.0356,0.3646,26.2064,14.8681,10.3582,0.030691,0.030531,0.030438,0.030786,0.031142,0.032128,0.032412,0.033745,0.037609,0.039203
40,2532,2015/2/28,3.281,3.288,3.29,3.275,0.31%,,,,,,,,,,,,,,,,,0.030991,0.030731,0.030396,0.030866,0.031311,0.032164,0.032257,0.033602,0.037466,0.03906
41,2531,2015/3/2,3.279,3.3,3.3,3.277,-0.06%,3601.265,4147.54,2.82052E+13,2.08832E+13,7.85516E+12,0.0237,3601.265,4147.54,2.82052E+13,2.08832E+13,7.85516E+12,13.101,0.3665,26.2064,14.8634,10.3582,0.030811,0.030231,0.030488,0.030959,0.031428,0.03233,0.032745,0.033883,0.037747,0.039341
42,2530,2015/3/3,3.323,3.277,3.338,3.277,1.34%,3507.9,4040.01,2.74088E+13,2.0289E+13,7.64809E+12,0.0244,3507.9,4040.01,2.74088E+13,2.0289E+13,7.64809E+12,12.7259,0.3514,26.2064,14.8587,10.3582,0.030511,0.030233,0.030341,0.030843,0.031364,0.032541,0.033022,0.034022,0.037886,0.03948
43,2529,2015/3/4,3.344,3.318,3.359,3.316,0.63%,3530.822,4066.41,2.7503E+13,2.03691E+13,7.69727E+12,0.0243,3530.822,4066.41,2.7503E+13,2.03691E+13,7.69727E+12,12.7708,0.3533,26.1988,14.8539,10.3633,0.030811,0.030229,0.030291,0.030928,0.031524,0.032406,0.032926,0.033869,0.037733,0.039327
44,2528,2015/3/5,3.349,3.329,3.351,3.329,0.15%,3496.344,4026.7,2.71443E+13,2.0117E+13,7.6215E+12,0.0247,3496.344,4026.7,2.71443E+13,2.0117E+13,7.6215E+12,12.6042,0.3465,26.1988,14.8491,10.3633,0.030811,0.030624,0.030518,0.031269,0.031961,0.032882,0.033427,0.034369,0.038233,0.039827
45,2527,2015/3/6,3.382,3.358,3.393,3.353,0.99%,3478.52,4006.17,2.70852E+13,2.00807E+13,7.58636E+12,0.0247,3478.52,4006.17,2.70852E+13,2.00807E+13,7.58636E+12,12.5767,0.3464,26.1988,14.8468,10.3633,0.031061,0.030911,0.030576,0.031643,0.032515,0.033015,0.033425,0.034753,0.038617,0.040211
46,2526,2015/3/7,3.38,3.382,3.382,3.374,-0.06%,,,,,,,,,,,,,,,,,,,,,,,,,,
47,2525,2015/3/9,3.375,3.43,3.43,3.37,-0.15%,3537.75,4074.39,2.76914E+13,2.04954E+13,7.72975E+12,0.0242,3537.75,4074.39,2.76914E+13,2.04954E+13,7.72975E+12,12.8497,0.3554,26.1988,14.8445,10.3633,0.03191,0.031325,0.030787,0.031728,0.032563,0.033327,0.033962,0.034922,0.038786,0.04038
48,2524,2015/3/10,3.407,3.385,3.422,3.373,0.95%,3520.611,4054.65,2.74417E+13,2.03189E+13,7.69152E+12,0.0245,3520.611,4054.65,2.74417E+13,2.03189E+13,7.69152E+12,12.7242,0.3515,26.1988,14.841,10.3633,0.031942,0.031288,0.030812,0.031837,0.03271,0.033269,0.033624,0.035228,0.039092,0.040686
49,2523,2015/3/11,3.394,3.433,3.433,3.383,-0.38%,3524.653,4059.3,2.75127E+13,2.04952E+13,7.69959E+12,0.0244,3524.653,4059.3,2.75127E+13,2.04952E+13,7.69959E+12,12.7575,0.3534,26.1687,14.8375,10.3779,0.031763,0.03123,0.030615,0.031377,0.032085,0.032969,0.033161,0.034466,0.03833,0.039924
50,2522,2015/3/12,3.35,3.398,3.398,3.343,-1.30%,3592.844,4137.84,2.81352E+13,2.0942E+13,7.85017E+12,0.0239,3592.844,4137.84,2.81352E+13,2.0942E+13,7.85017E+12,13.0379,0.3665,26.1687,14.8342,10.3779,0.031469,0.031182,0.030495,0.031288,0.032016,0.032825,0.032961,0.034412,0.038276,0.03987
51,2521,2015/3/13,3.34,3.383,3.383,3.328,-0.30%,3617.657,4166.41,2.82651E+13,2.10702E+13,7.90576E+12,0.0238,3617.657,4166.41,2.82651E+13,2.10702E+13,7.90576E+12,13.0946,0.3685,26.1687,14.8309,10.3779,0.031676,0.031261,0.030944,0.031602,0.03226,0.033305,0.033411,0.034879,0.038743,0.040337
52,2520,2015/3/16,3.368,3.42,3.42,3.33,0.84%,3705.671,4267.78,2.88466E+13,2.15256E+13,8.10794E+12,0.0234,3705.671,4267.78,2.88466E+13,2.15256E+13,8.10794E+12,13.3603,0.3882,26.1687,14.8298,10.3779,0.031496,0.031198,0.030944,0.03165,0.032356,0.033397,0.03383,0.035301,0.039165,0.040759
53,2519,2015/3/17,3.402,3.398,3.433,3.398,1.01%,3757.122,4327.04,2.92511E+13,2.18271E+13,8.22363E+12,0.023,3757.122,4327.04,2.92511E+13,2.18271E+13,8.22363E+12,13.5473,0.4104,26.1687,14.8287,10.3779,0.031496,0.031224,0.031142,0.031675,0.032207,0.033201,0.033902,0.035428,0.039292,0.040886
54,2518,2015/3/18,3.418,3.428,3.428,3.41,0.47%,3846.055,4429.46,2.99341E+13,2.23228E+13,8.42565E+12,0.0225,3846.055,4429.46,2.99341E+13,2.23228E+13,8.42565E+12,13.8561,0.438,26.0995,14.8284,10.3826,0.031303,0.031282,0.031042,0.031687,0.032332,0.033404,0.034101,0.035519,0.039383,0.040977
55,2517,2015/3/19,3.433,3.443,3.443,3.425,0.44%,3839.739,4422.18,2.98509E+13,2.22915E+13,8.39791E+12,0.0227,3839.739,4422.18,2.98509E+13,2.22915E+13,8.39791E+12,13.8196,0.4345,26.0995,14.8281,10.3826,0.031192,0.031429,0.030992,0.031629,0.032267,0.033357,0.034051,0.035348,0.039683,0.041277
56,2516,2015/3/20,3.426,3.448,3.448,3.41,-0.20%,3892.574,4483.03,3.01671E+13,2.25255E+13,8.54872E+12,0.0225,3892.574,4483.03,3.01671E+13,2.25255E+13,8.54872E+12,13.9467,0.4472,26.0995,14.8166,10.3826,0.031192,0.031327,0.03102,0.031589,0.032157,0.032943,0.03371,0.034958,0.039466,0.041059
57,2515,2015/3/23,3.407,3.45,3.45,3.405,-0.55%,3972.061,4574.58,3.07184E+13,2.29485E+13,8.73407E+12,0.0214,3972.061,4574.58,3.07184E+13,2.29485E+13,8.73407E+12,14.3629,0.4772,26.0995,14.8051,10.3826,0.031424,0.03133,0.031032,0.031745,0.032458,0.033029,0.033976,0.034933,0.039441,0.041034
58,2514,2015/3/24,3.423,3.435,3.437,3.41,0.47%,3973.046,4575.71,3.07318E+13,2.29779E+13,8.73556E+12,0.0215,3973.046,4575.71,3.07318E+13,2.29779E+13,8.73556E+12,14.3523,0.4758,26.0995,14.8027,10.3826,0.031374,0.031063,0.031031,0.031734,0.032487,0.033086,0.034079,0.034841,0.039547,0.04114
59,2513,2015/3/25,3.431,3.44,3.44,3.427,0.23%,3940.412,4538.13,3.03302E+13,2.2686E+13,8.66753E+12,0.022,3940.412,4538.13,3.03302E+13,2.2686E+13,8.66753E+12,14.1559,0.4653,26.0906,14.8004,10.385,0.031574,0.031285,0.031183,0.031775,0.032367,0.033254,0.034066,0.035037,0.039743,0.041336
60,2512,2015/3/26,3.442,3.44,3.453,3.438,0.32%,3949.999,4549.17,3.05541E+13,2.28801E+13,8.73195E+12,0.0219,3949.999,4549.17,3.05541E+13,2.28801E+13,8.73195E+12,14.3383,0.475,26.0906,14.7957,10.385,0.032063,0.031942,0.031483,0.031929,0.032376,0.033799,0.034934,0.03544,0.040146,0.041739
61,2511,2015/3/27,3.496,3.47,3.533,3.458,1.57%,3971.697,4574.16,3.06018E+13,2.29134E+13,8.78115E+12,0.0215,3971.697,4574.16,3.06018E+13,2.29134E+13,8.78115E+12,14.5074,0.4839,26.0906,14.7909,10.385,0.032736,0.031685,0.031833,0.03215,0.032466,0.034271,0.034838,0.035678,0.040384,0.04211
62,2510,2015/3/30,3.518,3.55,3.55,3.516,0.63%,4088.178,4708.31,3.15058E+13,2.35882E+13,9.04377E+12,0.0211,4088.178,4708.31,3.15058E+13,2.35882E+13,9.04377E+12,14.9084,0.506,26.0906,14.7957,10.385,0.032936,0.031656,0.031833,0.0323,0.032766,0.034526,0.03532,0.035849,0.040555,0.042281
63,2509,2015/3/31,3.577,3.535,3.593,3.532,1.68%,4051.204,4665.73,3.11742E+13,2.33395E+13,9.01933E+12,0.0215,4051.204,4665.73,3.11742E+13,2.33395E+13,9.01933E+12,14.7202,0.4967,26.0906,14.7909,10.385,0.032673,0.031724,0.032236,0.032651,0.033066,0.034625,0.036047,0.036483,0.041189,0.042281
64,2508,2015/4/1,3.617,3.582,3.617,3.575,1.12%,4123.895,4749.44,3.16518E+13,2.36932E+13,9.1836E+12,0.0212,4123.895,4749.44,3.16518E+13,2.36932E+13,9.1836E+12,14.9479,0.5072,26.0657,14.7957,10.3875,0.032267,0.031127,0.032186,0.032552,0.032917,0.034524,0.035474,0.035997,0.040703,0.041795
65,2507,2015/4/2,3.573,3.61,3.61,3.573,-1.22%,4124.776,4750.46,3.16411E+13,2.36782E+13,9.18564E+12,0.0212,4124.776,4750.46,3.16411E+13,2.36782E+13,9.18564E+12,14.9448,0.5066,26.0657,14.8004,10.3875,0.03137,0.031021,0.031743,0.032176,0.032609,0.034113,0.03502,0.035438,0.040153,0.041245
66,2506,2015/4/3,3.532,3.573,3.573,3.529,-1.15%,4170.538,4803.16,3.18598E+13,2.38497E+13,9.29761E+12,0.0211,4170.538,4803.16,3.18598E+13,2.38497E+13,9.29761E+12,15.0464,0.5163,26.0657,14.8027,10.3875,0.03137,0.03109,0.031753,0.032181,0.03261,0.034013,0.03556,0.03572,0.040435,0.041527
67,2505,2015/4/7,3.568,3.58,3.59,3.565,1.02%,4260.044,4906.24,3.26423E+13,2.44348E+13,9.49849E+12,0.0205,4260.044,4906.24,3.26423E+13,2.44348E+13,9.49849E+12,15.4207,0.5478,26.0657,14.8051,10.3875,0.03153,0.031202,0.031801,0.032282,0.032763,0.034549,0.035579,0.035987,0.040702,0.041794
68,2504,2015/4/8,3.576,3.587,3.595,3.565,0.22%,4295.803,4947.43,3.29921E+13,2.4698E+13,9.57802E+12,0.0202,4295.803,4947.43,3.29921E+13,2.4698E+13,9.57802E+12,15.5863,0.5694,26.0657,14.8166,10.3875,0.03119,0.030927,0.031802,0.032411,0.03302,0.034749,0.036486,0.036938,0.041652,0.042744
69,2503,2015/4/9,3.656,3.587,3.668,3.587,2.24%,4262.138,4909.06,3.26884E+13,2.44628E+13,9.4989E+12,0.0205,4262.138,4909.06,3.26884E+13,2.44628E+13,9.4989E+12,15.4349,0.5501,26.0657,14.8166,10.3875,0.03019,0.030327,0.031202,0.031991,0.032779,0.034671,0.036547,0.03704,0.041783,0.042938
70,2502,2015/4/10,3.668,3.678,3.678,3.665,0.33%,4344.416,5003.83,3.33223E+13,2.48856E+13,9.68438E+12,0.0201,4344.416,5003.83,3.33223E+13,2.48856E+13,9.68438E+12,15.7324,0.5873,26.0389,14.8281,10.3894,0.03039,0.030327,0.031602,0.032085,0.032571,0.034695,0.036389,0.036947,0.041749,0.042938
71,2501,2015/4/13,3.644,3.72,3.72,3.644,-0.65%,4421.073,5092.59,3.40732E+13,2.53903E+13,9.85153E+12,0.0197,4421.073,5092.59,3.40732E+13,2.53903E+13,9.85153E+12,16.0831,0.6164,26.0657,14.8166,10.3875,0.030072,0.030773,0.031602,0.03219,0.032779,0.03467,0.035863,0.036685,0.041749,0.042938
72,2500,2015/4/14,3.609,3.655,3.655,3.604,-0.96%,4438.184,5112.61,3.40948E+13,2.54337E+13,9.88539E+12,0.0197,4438.184,5112.61,3.40948E+13,2.54337E+13,9.88539E+12,16.0963,0.6172,26.0657,14.8166,10.3875,0.030327,0.030721,0.031302,0.03166,0.032023,0.034744,0.035624,0.036211,0.041275,0.042574
73,2499,2015/4/15,3.594,3.613,3.613,3.593,-0.42%,4380.513,5046.73,3.39047E+13,2.53326E+13,9.75899E+12,0.0198,4380.513,5046.73,3.39047E+13,2.53326E+13,9.75899E+12,16.0035,0.6106,26.0657,14.8166,10.3875,0.030501,0.030721,0.031002,0.031412,0.031827,0.03417,0.03541,0.035954,0.041018,0.042317
74,2498,2015/4/16,3.559,3.593,3.593,3.559,-0.97%,4513.546,5200.04,3.49235E+13,2.61217E+13,1.00555E+13,0.0192,4513.546,5200.04,3.49235E+13,2.61217E+13,1.00555E+13,16.483,0.6366,26.0657,14.8166,10.3875,0.030498,0.030501,0.030729,0.031358,0.031988,0.034207,0.035329,0.0356,0.040664,0.041963
75,2497,2015/4/17,3.548,3.58,3.58,3.548,-0.31%,4596.136,5295.19,3.56581E+13,2.67279E+13,1.02396E+13,0.0188,4596.136,5295.19,3.56581E+13,2.67279E+13,1.02396E+13,16.8262,0.6454,26.0389,14.8281,10.3894,0.030448,0.0303,0.031628,0.031946,0.032273,0.033977,0.035307,0.035627,0.040691,0.04199
76,2496,2015/4/20,3.536,3.48,3.55,3.48,-0.34%,4521.919,5209.69,3.49807E+13,2.62911E+13,1.00755E+13,0.0191,4521.919,5209.69,3.49807E+13,2.62911E+13,1.00755E+13,16.5102,0.637,26.0657,14.8166,10.3875,0.02955,0.0298,0.030872,0.031192,0.031526,0.033165,0.034093,0.034554,0.039616,0.040915
77,2495,2015/4/21,3.418,3.532,3.532,3.412,-3.34%,4619.164,5321.72,3.55258E+13,2.66992E+13,1.03102E+13,0.0189,4619.164,5321.72,3.55258E+13,2.66992E+13,1.03102E+13,16.7782,0.6436,26.0657,14.8166,10.3875,0.02885,0.029919,0.030092,0.030629,0.031193,0.032856,0.03357,0.034055,0.039117,0.040979
78,2494,2015/4/22,3.391,3.445,3.445,3.391,-0.79%,4739.814,5460.85,3.63324E+13,2.73115E+13,1.05551E+13,0.0185,4739.814,5460.85,3.63324E+13,2.73115E+13,1.05551E+13,17.1494,0.6489,26.0657,14.8166,10.3875,0.028283,0.030194,0.030152,0.030783,0.03145,0.032891,0.033776,0.034052,0.039114,0.040976
79,2493,2015/4/23,3.407,3.425,3.425,3.405,0.47%,4740.892,5462.12,3.63598E+13,2.73533E+13,1.05621E+13,0.0185,4740.892,5462.12,3.63598E+13,2.73533E+13,1.05621E+13,17.1197,0.6485,26.0657,14.8166,10.3875,0.028199,0.029728,0.029713,0.030931,0.032109,0.032936,0.034118,0.034151,0.039213,0.040976
80,2492,2015/4/24,3.434,3.435,3.447,3.423,0.79%,4702.641,5418.12,3.60765E+13,2.72061E+13,1.04811E+13,0.0186,4702.641,5418.12,3.60765E+13,2.72061E+13,1.04811E+13,16.9033,0.6458,26.0389,14.8281,10.3894,0.028198,0.029731,0.029276,0.030838,0.032255,0.033075,0.0342,0.034453,0.040081,0.041845
81,2491,2015/4/27,3.425,3.48,3.48,3.421,-0.26%,4807.592,5539.03,3.7257E+13,2.81389E+13,1.0758E+13,0.018,4807.592,5539.03,3.7257E+13,2.81389E+13,1.0758E+13,17.5142,0.6564,26.0657,14.8166,10.3875,0.026971,0.029205,0.028663,0.030224,0.031722,0.03274,0.033712,0.033952,0.040082,0.041845
82,2490,2015/4/28,3.396,3.435,3.435,3.396,-0.85%,4741.861,5463.3,3.70273E+13,2.79104E+13,1.06749E+13,0.0183,4741.861,5463.3,3.70273E+13,2.79104E+13,1.06749E+13,17.5239,0.6564,26.0657,14.8169,10.3875,0.027071,0.028996,0.028266,0.030108,0.031735,0.032623,0.033512,0.033803,0.039934,0.041697
83,2489,2015/4/29,3.38,3.418,3.418,3.38,-0.47%,4774.326,5500.89,3.68492E+13,2.77776E+13,1.07697E+13,0.0184,4774.326,5500.89,3.68492E+13,2.77776E+13,1.07697E+13,17.3512,0.6527,26.0657,14.8169,10.3875,0.027071,0.029343,0.028267,0.030048,0.031663,0.032581,0.033617,0.034,0.04013,0.041715
84,2488,2015/4/30,3.379,3.39,3.393,3.365,-0.03%,4749.886,5474.64,3.64604E+13,2.75065E+13,1.09075E+13,0.0187,4749.886,5474.64,3.64604E+13,2.75065E+13,1.09075E+13,17.0525,0.6461,26.0657,14.8169,10.3875,0.027044,0.027856,0.02694,0.029479,0.031561,0.032533,0.033503,0.033503,0.039633,0.041218
85,2487,2015/5/4,3.377,3.42,3.42,3.375,-0.06%,4787.741,5518.49,3.67415E+13,2.77578E+13,1.09953E+13,0.0185,4787.741,5518.49,3.67415E+13,2.77578E+13,1.09953E+13,17.182,0.6483,26.0389,14.8287,10.3894,0.026244,0.027659,0.027296,0.029425,0.031421,0.032656,0.033516,0.033804,0.039934,0.041519
86,2486,2015/5/5,3.379,3.38,3.387,3.376,0.06%,4596.837,5298.45,3.52352E+13,2.66375E+13,1.05562E+13,0.0193,4596.837,5298.45,3.52352E+13,2.66375E+13,1.05562E+13,16.4776,0.6315,26.0389,14.8298,10.3894,0.026531,0.027903,0.027278,0.02952,0.031496,0.032599,0.033623,0.034006,0.040134,0.041719
87,2485,2015/5/6,3.39,3.385,3.41,3.385,0.33%,4553.327,5248.29,3.47851E+13,2.62646E+13,1.04593E+13,0.0196,4553.327,5248.29,3.47851E+13,2.62646E+13,1.04593E+13,16.2679,0.6214,26.0389,14.8309,10.3894,0.025531,0.02708,0.02708,0.029396,0.031516,0.032788,0.034324,0.03456,0.040612,0.042196
88,2484,2015/5/7,3.456,3.387,3.463,3.387,1.95%,4470.089,5152.35,3.39719E+13,2.56413E+13,1.02665E+13,0.02,4470.089,5152.35,3.39719E+13,2.56413E+13,1.02665E+13,15.8876,0.5961,26.0389,14.8377,10.3894,0.025419,0.027402,0.026912,0.029163,0.031273,0.032828,0.0344,0.034401,0.040513,0.042098
89,2483,2015/5/8,3.469,3.492,3.492,3.448,0.38%,4558.404,5254.69,3.46367E+13,2.61448E+13,1.04685E+13,0.0197,4558.404,5254.69,3.46367E+13,2.61448E+13,1.04685E+13,16.1985,0.6176,26.0389,14.8445,10.3894,0.025146,0.027039,0.026821,0.028935,0.030917,0.032484,0.034002,0.033703,0.039815,0.0414
90,2482,2015/5/11,3.47,3.45,3.492,3.435,0.03%,4690.532,5407.13,3.55264E+13,2.68334E+13,1.0775E+13,0.0192,4690.532,5407.13,3.55264E+13,2.68334E+13,1.0775E+13,16.611,0.6368,26.0389,14.8539,10.3894,0.024198,0.026513,0.026562,0.028605,0.030523,0.03217,0.0341,0.033752,0.039864,0.041449
91,2481,2015/5/12,3.446,3.478,3.478,3.427,-0.69%,4747.421,5472.99,3.59144E+13,2.71182E+13,1.09113E+13,0.019,4747.421,5472.99,3.59144E+13,2.71182E+13,1.09113E+13,16.7924,0.6409,26.0389,14.8634,10.3894,0.023427,0.026036,0.025691,0.027899,0.029941,0.031677,0.0341,0.034002,0.040115,0.041601
92,2480,2015/5/13,3.434,3.453,3.453,3.434,-0.35%,4718.436,5439.79,3.56201E+13,2.68704E+13,1.08367E+13,0.0191,4718.436,5439.79,3.56201E+13,2.68704E+13,1.08367E+13,16.6548,0.638,26.0389,14.8722,10.3894,0.021927,0.024769,0.024501,0.027139,0.029361,0.030637,0.033914,0.034002,0.040115,0.041601
93,2479,2015/5/14,3.414,3.445,3.445,3.406,-0.58%,4700.778,5419.85,3.55222E+13,2.6789E+13,1.07978E+13,0.0192,4700.778,5419.85,3.55222E+13,2.6789E+13,1.07978E+13,16.609,0.6355,26.0389,14.8776,10.3894,0.020701,0.02385,0.023557,0.026248,0.028524,0.029869,0.033672,0.033803,0.03992,0.041406
94,2478,2015/5/15,3.38,3.418,3.418,3.38,-1.00%,4617.47,5324.13,3.48686E+13,2.63272E+13,1.06089E+13,0.0195,4617.47,5324.13,3.48686E+13,2.63272E+13,1.06089E+13,16.3034,0.6234,26.0389,14.879,10.3894,0.020574,0.023229,0.02344,0.025626,0.027681,0.030508,0.033559,0.033906,0.03992,0.041354
95,2477,2015/5/18,3.385,3.35,3.39,3.35,0.15%,4575.14,5275.59,3.44439E+13,2.5994E+13,1.05143E+13,0.0198,4575.14,5275.59,3.44439E+13,2.5994E+13,1.05143E+13,16.1049,0.6104,26.0389,14.8889,10.3894,0.020129,0.023148,0.02374,0.025985,0.028204,0.03082,0.033586,0.034109,0.039826,0.041366
96,2476,2015/5/19,3.387,3.388,3.397,3.382,0.06%,4731.222,5455.72,3.55657E+13,2.68448E+13,1.08753E+13,0.0191,4731.222,5455.72,3.55657E+13,2.68448E+13,1.08753E+13,16.6294,0.6372,26.0389,14.9008,10.3894,0.020447,0.023148,0.024574,0.026794,0.028995,0.031006,0.033746,0.034311,0.039876,0.041342
97,2475,2015/5/20,3.391,3.393,3.407,3.387,0.12%,4754.919,5483.97,3.56721E+13,2.69468E+13,1.09297E+13,0.0191,4754.919,5483.97,3.56721E+13,2.69468E+13,1.09297E+13,16.6791,0.6384,26.0389,14.9129,10.3894,0.020598,0.022448,0.024391,0.026438,0.028494,0.031197,0.033918,0.034282,0.039847,0.041372
98,2474,2015/5/21,3.415,3.42,3.42,3.393,0.71%,4840.976,5583.63,3.58263E+13,2.70376E+13,1.10128E+13,0.019,4840.976,5583.63,3.58263E+13,2.70376E+13,1.10128E+13,16.8004,0.6409,26.0389,14.9312,10.3894,0.020998,0.023411,0.024373,0.026416,0.028446,0.031151,0.033874,0.034257,0.039651,0.041251
99,2473,2015/5/22,3.413,3.43,3.43,3.405,-0.06%,4951.335,5711.57,3.67657E+13,2.7739E+13,1.12705E+13,0.0185,4951.335,5711.57,3.67657E+13,2.7739E+13,1.12705E+13,17.2409,0.6509,26.0389,14.9448,10.3894,0.020622,0.023161,0.023822,0.026078,0.028293,0.031538,0.033723,0.03416,0.039651,0.040751
100,2472,2015/5/25,3.411,3.5,3.5,3.392,-0.06%,5099.495,5882.48,3.78711E+13,2.86049E+13,1.16137E+13,0.018,5099.495,5882.48,3.78711E+13,2.86049E+13,1.16137E+13,17.7593,0.6594,26.0389,14.9472,10.3894,0.021122,0.022017,0.022462,0.025413,0.028389,0.031707,0.033874,0.03431,0.039451,0.040251
101,2471,2015/5/26,3.443,3.425,3.443,3.42,0.94%,5198.918,5997.45,3.85409E+13,2.90409E+13,1.18437E+13,0.0177,5198.918,5997.45,3.85409E+13,2.90409E+13,1.18437E+13,18.0734,0.6623,26.0389,14.9505,10.3894,0.019901,0.020757,0.020338,0.024745,0.02895,0.031997,0.034597,0.035214,0.039415,0.040023
102,2470,2015/5/27,3.469,3.465,3.493,3.452,0.76%,5181.434,5980.52,3.84903E+13,2.90016E+13,1.18058E+13,0.0177,5181.434,5980.52,3.84903E+13,2.90016E+13,1.18058E+13,18.0497,0.6615,26.0389,14.9547,10.3894,0.019167,0.019877,0.018707,0.02397,0.028766,0.031597,0.03485,0.035055,0.03927,0.04039
103,2469,2015/5/28,3.522,3.492,3.527,3.492,1.53%,4834.007,5580.91,3.58983E+13,2.70029E+13,1.10089E+13,0.019,4834.007,5580.91,3.58983E+13,2.70029E+13,1.10089E+13,16.8342,0.6409,26.0389,14.9571,10.3894,0.019913,0.020463,0.019369,0.024314,0.029029,0.033171,0.035874,0.035652,0.03938,0.04006
104,2468,2015/5/29,3.579,3.54,3.614,3.54,1.62%,4840.829,5588.83,3.58013E+13,2.69032E+13,1.10255E+13,0.019,4840.829,5588.83,3.58013E+13,2.69032E+13,1.10255E+13,16.7887,0.6382,26.0389,14.9579,10.3894,0.020038,0.021527,0.019387,0.024457,0.029196,0.032924,0.035831,0.035954,0.039518,0.04019
105,2467,2015/5/30,3.579,3.579,3.579,3.579,0.00%,,,,,,,,,,,,,,,,,,,,,,,,,,
106,2466,2015/6/1,3.592,3.62,3.625,3.578,0.36%,5076.179,5860.76,3.7566E+13,2.8185E+13,1.15693E+13,0.0181,5076.179,5860.76,3.7566E+13,2.8185E+13,1.15693E+13,17.6162,0.6573,26.0389,14.9758,10.3894,0.020238,0.020627,0.019947,0.024763,0.02924,0.033434,0.036243,0.036404,0.039753,0.040321
107,2465,2015/6/2,3.608,3.603,3.623,3.595,0.45%,5161.87,5959.84,3.80016E+13,2.85263E+13,1.17573E+13,0.0179,5161.87,5959.84,3.80016E+13,2.85263E+13,1.17573E+13,17.8205,0.659,26.0389,14.9859,10.3894,0.020036,0.020478,0.019651,0.024482,0.028956,0.032809,0.03566,0.03588,0.039753,0.040321
108,2464,2015/6/3,3.569,3.647,3.647,3.563,-1.08%,5143.59,5942.72,3.7955E+13,2.85256E+13,1.17128E+13,0.0179,5143.59,5942.72,3.7955E+13,2.85256E+13,1.17128E+13,17.8002,0.6586,26.0389,14.9905,10.3894,0.019531,0.019525,0.019356,0.024302,0.028868,0.032647,0.03562,0.036111,0.039572,0.040221
109,2463,2015/6/4,3.551,3.59,3.59,3.543,-0.50%,5181.416,5986.63,3.84535E+13,2.88341E+13,1.18138E+13,0.0177,5181.416,5986.63,3.84535E+13,2.88341E+13,1.18138E+13,18.0321,0.661,26.0389,14.9933,10.3894,0.019131,0.019151,0.018813,0.024008,0.028782,0.032512,0.035419,0.035911,0.039373,0.040021
110,2462,2015/6/5,3.532,3.58,3.58,3.532,-0.54%,5230.552,6043.57,3.88528E+13,2.9172E+13,1.192E+13,0.0175,5230.552,6043.57,3.88528E+13,2.9172E+13,1.192E+13,18.2193,0.6637,26.0389,14.9953,10.3894,0.019409,0.019012,0.018763,0.023931,0.028672,0.032418,0.035273,0.035814,0.039273,0.039922
111,2461,2015/6/7,3.532,3.532,3.532,3.532,0.00%,,,,,,,,,,,,,,,,,,,,,,,,,,
112,2460,2015/6/8,3.528,3.6,3.6,3.528,-0.11%,5353.751,6186.02,4.05435E+13,3.0433E+13,1.21981E+13,0.0168,5353.751,6186.02,4.05435E+13,3.0433E+13,1.21981E+13,19.0122,0.6693,26.0389,15.0203,10.3894,0.018605,0.018833,0.018576,0.023824,0.028603,0.032459,0.035116,0.035613,0.039422,0.04006
113,2459,2015/6/9,3.516,3.545,3.545,3.514,-0.34%,5317.461,6144.36,4.02881E+13,3.02589E+13,1.21337E+13,0.0169,5317.461,6144.36,4.02881E+13,3.02589E+13,1.21337E+13,18.8916,0.6684,26.0389,15.0266,10.3894,0.019005,0.018609,0.017786,0.023442,0.028572,0.032453,0.035014,0.035565,0.039184,0.040145
114,2458,2015/6/10,3.518,3.532,3.532,3.514,0.06%,5309.112,6135.84,3.99926E+13,3.00612E+13,1.2124E+13,0.017,5309.112,6135.84,3.99926E+13,3.00612E+13,1.2124E+13,18.7531,0.666,26.0389,15.0282,10.3894,0.018131,0.018274,0.017097,0.02325,0.0288,0.032527,0.035181,0.035912,0.039534,0.040495
115,2457,2015/6/11,3.524,3.528,3.543,3.524,0.17%,5306.59,6133.88,3.9843E+13,2.99782E+13,1.21186E+13,0.0171,5306.59,6133.88,3.9843E+13,2.99782E+13,1.21186E+13,18.6829,0.6652,26.0389,15.0288,10.3894,0.017831,0.018074,0.017103,0.023379,0.029023,0.032733,0.035462,0.036197,0.039818,0.040779
116,2456,2015/6/12,3.55,3.545,3.558,3.542,0.74%,5335.115,6167.41,4.00615E+13,3.01374E+13,1.21931E+13,0.017,5335.115,6167.41,4.00615E+13,3.01374E+13,1.21931E+13,18.7854,0.6665,26.0389,15.0293,10.3894,0.017431,0.017963,0.01687,0.023278,0.029018,0.032518,0.035404,0.036226,0.039817,0.040778
117,2455,2015/6/15,3.54,3.59,3.59,3.536,-0.28%,5221.167,6036.45,4.04248E+13,3.00713E+13,1.22323E+13,0.017,5221.167,6036.45,4.04248E+13,3.00713E+13,1.22323E+13,18.7604,0.666,26.0389,15.0386,10.3894,0.017742,0.017563,0.016482,0.023263,0.029282,0.032833,0.035769,0.036681,0.040273,0.041234
118,2454,2015/6/16,3.551,3.563,3.581,3.547,0.31%,5064.821,5857.22,3.92152E+13,2.91241E+13,1.1872E+13,0.0175,5064.821,5857.22,3.92152E+13,2.91241E+13,1.1872E+13,18.1991,0.6606,26.0389,15.042,10.3894,0.017667,0.017908,0.016407,0.023326,0.029342,0.032756,0.035394,0.036099,0.039691,0.040652
119,2453,2015/6/17,3.538,3.583,3.583,3.538,-0.37%,5138.831,5943.06,3.98378E+13,2.95938E+13,1.2042E+13,0.0172,5138.831,5943.06,3.98378E+13,2.95938E+13,1.2042E+13,18.488,0.6631,26.0389,15.0452,10.3894,0.017996,0.018508,0.01689,0.023643,0.029468,0.032737,0.035296,0.036052,0.039561,0.040526
120,2452,2015/6/18,3.526,3.563,3.563,3.526,-0.34%,4930.549,5702.82,3.82715E+13,2.84127E+13,1.15549E+13,0.0179,4930.549,5702.82,3.82715E+13,2.84127E+13,1.15549E+13,17.7611,0.6536,26.0389,15.0471,10.3894,0.018022,0.018611,0.017044,0.023682,0.028998,0.032043,0.034926,0.03573,0.039236,0.040201
121,2451,2015/6/19,3.49,3.543,3.543,3.49,-1.02%,4637.052,5366.76,3.60555E+13,2.67363E+13,1.08683E+13,0.019,4637.052,5366.76,3.60555E+13,2.67363E+13,1.08683E+13,16.7327,0.6303,26.0389,15.0478,10.3894,0.018492,0.018228,0.017494,0.023287,0.028662,0.031853,0.035115,0.035825,0.039331,0.040296
122,2450,2015/6/23,3.498,3.53,3.53,3.498,0.23%,4786.091,5543.55,3.72807E+13,2.76356E+13,1.12157E+13,0.0184,4786.091,5543.55,3.72807E+13,2.76356E+13,1.12157E+13,17.3013,0.6449,26.0389,15.0558,10.3894,0.018354,0.018485,0.017159,0.023244,0.02857,0.031923,0.03528,0.036054,0.03956,0.040525
123,2449,2015/6/24,3.516,3.52,3.54,3.516,0.51%,4880.126,5652.77,3.81402E+13,2.82604E+13,1.14387E+13,0.018,4880.126,5652.77,3.81402E+13,2.82604E+13,1.14387E+13,17.7002,0.6523,26.0389,15.0599,10.3894,0.018275,0.018121,0.017165,0.02329,0.028687,0.032127,0.035318,0.036079,0.039585,0.04055
124,2448,2015/6/25,3.522,3.532,3.535,3.522,0.17%,4706.516,5452.22,3.68655E+13,2.73026E+13,1.10325E+13,0.0186,4706.516,5452.22,3.68655E+13,2.73026E+13,1.10325E+13,17.1086,0.6387,26.0389,15.061,10.3894,0.018151,0.018556,0.017127,0.023252,0.028699,0.032129,0.035317,0.036027,0.039523,0.040488
125,2447,2015/6/26,3.529,3.537,3.537,3.523,0.20%,4336.195,5024.71,3.42545E+13,2.53053E+13,1.01693E+13,0.02,4336.195,5024.71,3.42545E+13,2.53053E+13,1.01693E+13,15.8883,0.5821,26.0389,15.0648,10.3894,0.018151,0.018484,0.017628,0.023226,0.028662,0.032134,0.035322,0.03608,0.039575,0.04054
126,2446,2015/6/29,3.547,3.56,3.56,3.505,0.51%,4191.549,4857.12,3.35993E+13,2.47791E+13,9.82892E+12,0.0204,4191.549,4857.12,3.35993E+13,2.47791E+13,9.82892E+12,15.5844,0.5473,26.0389,15.0712,10.3894,0.017912,0.018657,0.017528,0.02327,0.028859,0.032278,0.035307,0.03603,0.039526,0.040491
127,2445,2015/6/30,3.546,3.558,3.558,3.545,-0.03%,4472.998,5184.41,3.56938E+13,2.62932E+13,1.05016E+13,0.0192,4472.998,5184.41,3.56938E+13,2.62932E+13,1.05016E+13,16.5559,0.623,26.0389,15.0796,10.3894,0.019197,0.018659,0.017378,0.02343,0.028973,0.032084,0.035338,0.035976,0.039476,0.040477
128,2444,2015/7/1,3.546,3.552,3.552,3.544,0.00%,4253.021,4930.67,3.38918E+13,2.50317E+13,9.98825E+12,0.0203,4253.021,4930.67,3.38918E+13,2.50317E+13,9.98825E+12,15.7201,0.5642,26.0389,15.0799,10.3894,0.019684,0.018573,0.017378,0.023517,0.028917,0.031678,0.035463,0.036127,0.039626,0.040628
129,2443,2015/7/2,3.559,3.552,3.563,3.552,0.37%,4107.996,4762.62,3.33278E+13,2.45511E+13,9.64772E+12,0.0206,4107.996,4762.62,3.33278E+13,2.45511E+13,9.64772E+12,15.4584,0.53,26.0389,15.0881,10.3894,0.019883,0.018773,0.017745,0.023481,0.028785,0.031822,0.035639,0.036223,0.039726,0.040636
130,2442,2015/7/3,3.57,3.575,3.575,3.553,0.31%,3885.917,4515.41,3.16126E+13,2.33102E+13,9.13385E+12,0.0217,3885.917,4515.41,3.16126E+13,2.33102E+13,9.13385E+12,14.6629,0.4751,26.0389,15.084,10.3894,0.019641,0.018874,0.01774,0.023613,0.028843,0.031587,0.035252,0.035719,0.039222,0.040752
131,2441,2015/7/6,3.541,3.6,3.6,3.52,-0.81%,3998.537,4647.27,3.30646E+13,2.43555E+13,9.39601E+12,0.0208,3998.537,4647.27,3.30646E+13,2.43555E+13,9.39601E+12,15.3364,0.5152,26.0389,15.0896,10.3894,0.019327,0.018489,0.017455,0.023164,0.028328,0.031125,0.034527,0.034917,0.038422,0.039952
132,2440,2015/7/7,3.464,3.538,3.538,3.463,-2.17%,3928.003,4569.62,3.33355E+13,2.43993E+13,9.22277E+12,0.0206,3928.003,4569.62,3.33355E+13,2.43993E+13,9.22277E+12,15.462,0.5305,26.0389,15.0921,10.3894,0.019161,0.019283,0.019155,0.023714,0.028252,0.031321,0.034151,0.034361,0.037866,0.039396
133,2439,2015/7/8,3.451,3.455,3.455,3.43,-0.38%,3663.038,4262.95,3.13198E+13,2.29591E+13,8.60535E+12,0.0219,3663.038,4262.95,3.13198E+13,2.29591E+13,8.60535E+12,14.5271,0.4667,26.0389,15.0921,10.3894,0.019634,0.020537,0.022655,0.025534,0.028402,0.031249,0.034481,0.034307,0.037814,0.039344
134,2438,2015/7/9,3.478,3.47,3.479,3.46,0.78%,3897.626,4536.57,3.30947E+13,2.43088E+13,9.15187E+12,0.0208,3897.626,4536.57,3.30947E+13,2.43088E+13,9.15187E+12,15.3503,0.5165,26.0389,15.0944,10.3894,0.020827,0.022014,0.022655,0.025407,0.028148,0.031061,0.034399,0.034358,0.037864,0.039394
135,2437,2015/7/10,3.474,3.483,3.487,3.473,-0.12%,4106.556,4782.21,3.44317E+13,2.53189E+13,9.63624E+12,0.0199,4106.556,4782.21,3.44317E+13,2.53189E+13,9.63624E+12,15.9704,0.5891,26.0389,15.0989,10.3894,0.022668,0.022867,0.023555,0.025895,0.028226,0.031226,0.034698,0.034885,0.038389,0.039919
136,2436,2015/7/13,3.481,3.5,3.5,3.478,0.20%,4211.812,4905.52,3.4633E+13,2.55237E+13,9.8813E+12,0.0198,4211.812,4905.52,3.4633E+13,2.55237E+13,9.8813E+12,16.0638,0.5947,26.0389,15.1073,10.3894,0.023095,0.022398,0.024455,0.026425,0.028391,0.031448,0.034741,0.035014,0.038161,0.039708
137,2435,2015/7/14,3.493,3.515,3.515,3.492,0.34%,4112.149,4789.54,3.37983E+13,2.49069E+13,9.65693E+12,0.0203,4112.149,4789.54,3.37983E+13,2.49069E+13,9.65693E+12,15.6767,0.5576,26.0389,15.1183,10.3894,0.023603,0.02384,0.024486,0.026482,0.028475,0.031711,0.035016,0.035341,0.038212,0.039769
138,2434,2015/7/15,3.522,3.523,3.537,3.503,0.83%,3966.759,4620.79,3.32049E+13,2.44883E+13,9.31909E+12,0.0207,3966.759,4620.79,3.32049E+13,2.44883E+13,9.31909E+12,15.4014,0.521,26.0389,15.1311,10.3894,0.023352,0.024038,0.024368,0.026429,0.028485,0.031715,0.035098,0.035495,0.038132,0.039769
139,2433,2015/7/16,3.513,3.545,3.545,3.513,-0.26%,3997.356,4657.04,3.32896E+13,2.45514E+13,9.38975E+12,0.0206,3997.356,4657.04,3.32896E+13,2.45514E+13,9.38975E+12,15.4409,0.5259,26.0389,15.1337,10.3894,0.023767,0.024039,0.024471,0.026483,0.028485,0.031569,0.034962,0.035208,0.037929,0.039566
140,2432,2015/7/17,3.506,3.535,3.535,3.503,-0.20%,4151.496,4839.82,3.41615E+13,2.52185E+13,9.75302E+12,0.0201,4151.496,4839.82,3.41615E+13,2.52185E+13,9.75302E+12,15.8454,0.5763,26.0389,15.1418,10.3894,0.023894,0.024315,0.024501,0.026507,0.028487,0.031563,0.034706,0.035123,0.037727,0.039364
141,2431,2015/7/18,3.506,3.506,3.506,3.506,0.00%,,,,,,,,,,,,,,,,,,,,,,,,,,
142,2430,2015/7/20,3.484,3.55,3.55,3.48,-0.63%,4160.612,4850.45,3.42977E+13,2.534E+13,9.76994E+12,0.02,4160.612,4850.45,3.42977E+13,2.534E+13,9.76994E+12,15.9085,0.5823,26.0389,15.1626,10.3894,0.023387,0.024238,0.024583,0.026548,0.028503,0.031573,0.034623,0.035009,0.037842,0.039479
143,2429,2015/7/21,3.476,3.493,3.493,3.474,-0.23%,4166.006,4859.13,3.42549E+13,2.53221E+13,9.77912E+12,0.0201,4166.006,4859.13,3.42549E+13,2.53221E+13,9.77912E+12,15.888,0.5798,26.0389,15.189,10.3894,0.023273,0.024064,0.024417,0.026323,0.028201,0.031765,0.034773,0.035214,0.038047,0.039684
144,2428,2015/7/22,3.491,3.492,3.493,3.483,0.43%,4157.16,4851.05,3.41359E+13,2.52451E+13,9.76362E+12,0.0201,4157.16,4851.05,3.41359E+13,2.52451E+13,9.76362E+12,15.8322,0.5733,26.0389,15.1892,10.3894,0.022183,0.02394,0.024071,0.0263,0.028485,0.031586,0.034825,0.035145,0.037978,0.039615
145,2427,2015/7/23,3.498,3.498,3.5,3.488,0.20%,4250.805,4961,3.47635E+13,2.57041E+13,9.98199E+12,0.0198,4250.805,4961,3.47635E+13,2.57041E+13,9.98199E+12,16.1232,0.5992,26.0389,15.1972,10.3894,0.021183,0.023538,0.023335,0.02588,0.028373,0.031658,0.034284,0.034751,0.037952,0.039593
146,2426,2015/7/24,3.441,3.507,3.507,3.44,-1.63%,4176.279,4874.25,3.42515E+13,2.53296E+13,9.80521E+12,0.0201,4176.279,4874.25,3.42515E+13,2.53296E+13,9.80521E+12,15.8863,0.5788,26.0389,15.1982,10.3894,0.021189,0.022701,0.023359,0.025865,0.028378,0.031576,0.033986,0.034602,0.037803,0.039231
147,2425,2015/7/27,3.414,3.46,3.46,3.414,-0.78%,3818.731,4458.19,3.13357E+13,2.31595E+13,8.97059E+12,0.0219,3818.731,4458.19,3.13357E+13,2.31595E+13,8.97059E+12,14.5336,0.4626,26.0389,15.1992,10.3894,0.020589,0.022475,0.023113,0.025716,0.028308,0.031596,0.034093,0.034602,0.037803,0.039231
148,2424,2015/7/28,3.421,3.43,3.433,3.421,0.21%,3811.093,4449.4,3.11725E+13,2.29725E+13,8.95742E+12,0.022,3811.093,4449.4,3.11725E+13,2.29725E+13,8.95742E+12,14.4578,0.4572,26.0389,15.1992,10.3894,0.021022,0.022482,0.022617,0.025659,0.028654,0.031501,0.034078,0.034401,0.037603,0.039031
149,2423,2015/7/29,3.428,3.43,3.433,3.427,0.20%,3930.379,4588.66,3.19358E+13,2.35715E+13,9.23463E+12,0.0216,3930.379,4588.66,3.19358E+13,2.35715E+13,9.23463E+12,14.8091,0.477,26.0389,15.1992,10.3894,0.021522,0.021964,0.022388,0.025331,0.028202,0.031553,0.033938,0.034302,0.037503,0.038931
150,2422,2015/7/30,3.411,3.443,3.45,3.409,-0.50%,3815.412,4454.52,3.11187E+13,2.29915E+13,8.96611E+12,0.0221,3815.412,4454.52,3.11187E+13,2.29915E+13,8.96611E+12,14.4289,0.4556,26.0389,15.1992,10.3894,0.02181,0.022423,0.022318,0.025585,0.028681,0.031617,0.033945,0.034402,0.037603,0.039031
151,2421,2015/7/31,3.416,3.425,3.428,3.414,0.15%,3816.699,4456.1,3.10093E+13,2.28796E+13,8.96784E+12,0.0222,3816.699,4456.1,3.10093E+13,2.28796E+13,8.96784E+12,14.3779,0.4533,26.0389,15.1982,10.3894,0.02212,0.022373,0.02253,0.025707,0.028712,0.031798,0.034468,0.034752,0.037954,0.039381
152,2420,2015/8/3,3.47,3.48,3.48,3.466,1.58%,3829.235,4470.73,3.10991E+13,2.28883E+13,8.998E+12,0.0221,3829.235,4470.73,3.10991E+13,2.28883E+13,8.998E+12,14.4212,0.4543,26.0389,15.1992,10.3894,0.022003,0.022314,0.023038,0.025997,0.028888,0.032048,0.034613,0.0347,0.037902,0.039329
153,2419,2015/8/4,3.486,3.478,3.492,3.473,0.46%,3948.155,4609.58,3.18951E+13,2.35139E+13,9.27595E+12,0.0216,3948.155,4609.58,3.18951E+13,2.35139E+13,9.27595E+12,14.7903,0.4757,26.0389,15.1992,10.3894,0.021743,0.022774,0.023254,0.02604,0.028777,0.031981,0.034613,0.0347,0.037902,0.039453
154,2418,2015/8/5,3.483,3.49,3.49,3.48,-0.09%,3866.9,4514.71,3.1237E+13,2.30561E+13,9.07943E+12,0.0221,3866.9,4514.71,3.1237E+13,2.30561E+13,9.07943E+12,14.4851,0.458,26.0389,15.1992,10.3894,0.021469,0.022633,0.022428,0.02575,0.028852,0.03203,0.034614,0.034701,0.038302,0.039491
155,2417,2015/8/6,3.482,3.487,3.487,3.482,-0.03%,3831.852,4473.86,3.09415E+13,2.28336E+13,8.99756E+12,0.0223,3831.852,4473.86,3.09415E+13,2.28336E+13,8.99756E+12,14.3266,0.4473,26.0389,15.1992,10.3894,0.021665,0.02226,0.022073,0.025575,0.028867,0.031646,0.034599,0.0346,0.038202,0.039391
156,2416,2015/8/7,3.48,3.483,3.483,3.438,-0.06%,3906.945,4561.97,3.14797E+13,2.32447E+13,9.17374E+12,0.0219,3906.945,4561.97,3.14797E+13,2.32447E+13,9.17374E+12,14.5759,0.4628,26.0389,15.1982,10.3894,0.020865,0.022014,0.021753,0.025458,0.028891,0.031633,0.034204,0.034553,0.038153,0.039342
157,2415,2015/8/10,3.438,3.49,3.49,3.438,-1.21%,4084.365,4769.21,3.28387E+13,2.42821E+13,9.58953E+12,0.021,4084.365,4769.21,3.28387E+13,2.42821E+13,9.58953E+12,15.2021,0.5004,26.0389,15.2002,10.3894,0.021567,0.02164,0.021843,0.025481,0.028876,0.031799,0.034223,0.034755,0.038355,0.039544
158,2414,2015/8/11,3.486,3.458,3.486,3.44,1.40%,4066.669,4748.54,3.26778E+13,2.41889E+13,9.55333E+12,0.0211,4066.669,4748.54,3.26778E+13,2.41889E+13,9.55333E+12,15.126,0.4963,26.0389,15.2002,10.3894,0.022377,0.022011,0.022433,0.026125,0.029594,0.032516,0.03504,0.035256,0.038436,0.039625
159,2413,2015/8/12,3.566,3.487,3.571,3.487,2.29%,4016.126,4689.67,3.22901E+13,2.39142E+13,9.43379E+12,0.0213,4016.126,4689.67,3.22901E+13,2.39142E+13,9.43379E+12,14.9451,0.4815,26.0389,15.2002,10.3894,0.022191,0.022373,0.023181,0.026458,0.029635,0.032661,0.035191,0.035402,0.038582,0.039771
160,2412,2015/8/13,3.573,3.56,3.575,3.543,0.20%,4075.463,4758.96,3.26803E+13,2.42017E+13,9.5722E+12,0.0211,4075.463,4758.96,3.26803E+13,2.42017E+13,9.5722E+12,15.118,0.4955,26.0389,15.2002,10.3894,0.022484,0.02269,0.022883,0.026218,0.029397,0.032649,0.034856,0.035153,0.038333,0.039522
161,2411,2015/8/14,3.548,3.57,3.57,3.53,-0.70%,4073.54,4757.71,3.26228E+13,2.41577E+13,9.57966E+12,0.0211,4073.54,4757.71,3.26228E+13,2.41577E+13,9.57966E+12,15.0789,0.492,26.0389,15.1997,10.3894,0.022023,0.022449,0.023273,0.026216,0.029117,0.032557,0.034883,0.035052,0.038232,0.039421
162,2410,2015/8/17,3.556,3.537,3.558,3.537,0.23%,4077.872,4762.77,3.2547E+13,2.41144E+13,9.61131E+12,0.0212,4077.872,4762.77,3.2547E+13,2.41144E+13,9.61131E+12,15.0154,0.4848,26.0389,15.2002,10.3894,0.022509,0.022578,0.022466,0.025957,0.029324,0.032521,0.035032,0.035176,0.038357,0.039546
163,2409,2015/8/18,3.566,3.555,3.568,3.55,0.28%,3825.412,4468.06,3.08524E+13,2.28703E+13,9.02736E+12,0.0224,3825.412,4468.06,3.08524E+13,2.28703E+13,9.02736E+12,14.2016,0.4432,26.0389,15.2002,10.3894,0.022395,0.022596,0.022621,0.025994,0.029249,0.032623,0.035104,0.035126,0.038309,0.039498
164,2408,2015/8/19,3.552,3.558,3.583,3.552,-0.39%,3886.136,4538.98,3.10671E+13,2.30541E+13,9.17241E+12,0.0222,3886.136,4538.98,3.10671E+13,2.30541E+13,9.17241E+12,14.2962,0.4465,26.0389,15.2002,10.3894,0.022509,0.022651,0.022571,0.025982,0.029263,0.032705,0.035119,0.035201,0.038384,0.039573
165,2407,2015/8/20,3.57,3.565,3.57,3.543,0.51%,3761.454,4393.66,3.01381E+13,2.23453E+13,8.9431E+12,0.0229,3761.454,4393.66,3.01381E+13,2.23453E+13,8.9431E+12,13.8538,0.4198,26.0389,15.2002,10.3894,0.022996,0.022695,0.022608,0.025983,0.029211,0.032723,0.035199,0.035051,0.038398,0.039751
166,2406,2015/8/21,3.589,3.57,3.589,3.56,0.53%,3589.536,4193.27,2.89577E+13,2.14653E+13,8.53513E+12,0.0239,3589.536,4193.27,2.89577E+13,2.14653E+13,8.53513E+12,13.2803,0.3694,26.0389,15.1997,10.3894,0.022524,0.022521,0.022608,0.025949,0.029132,0.032463,0.035048,0.034951,0.038298,0.039651
167,2405,2015/8/24,3.539,3.56,3.56,3.53,-1.39%,3275.534,3826.46,2.64702E+13,1.96787E+13,7.79618E+12,0.0261,3275.534,3826.46,2.64702E+13,1.96787E+13,7.79618E+12,12.1179,0.3309,26.0389,15.2002,10.3894,0.022111,0.02247,0.022807,0.026141,0.029325,0.032399,0.034898,0.034701,0.038049,0.039402
168,2404,2015/8/25,3.53,3.537,3.537,3.53,-0.25%,3042.927,3554.77,2.45117E+13,1.82203E+13,7.24808E+12,0.0283,3042.927,3554.77,2.45117E+13,1.82203E+13,7.24808E+12,11.1423,0.2687,26.0389,15.2002,10.3894,0.022337,0.022469,0.0228,0.026179,0.029375,0.03202,0.034788,0.034577,0.037925,0.039278
169,2403,2015/8/26,3.51,3.548,3.548,3.498,-0.57%,3025.692,3534.64,2.45335E+13,1.81935E+13,7.20706E+12,0.0282,3025.692,3534.64,2.45335E+13,1.81935E+13,7.20706E+12,11.1305,0.2667,26.0389,15.2002,10.3894,0.022537,0.022598,0.022657,0.026039,0.029234,0.031924,0.034548,0.03429,0.037638,0.039112
170,2402,2015/8/27,3.483,3.53,3.53,3.483,-0.77%,3205.638,3744.85,2.5945E+13,1.92179E+13,7.64457E+12,0.0267,3205.638,3744.85,2.5945E+13,1.92179E+13,7.64457E+12,11.6934,0.3206,26.0389,15.2002,10.3894,0.022737,0.02281,0.022661,0.026081,0.029256,0.031689,0.033999,0.033902,0.03725,0.038724
171,2401,2015/8/28,3.426,3.505,3.505,3.417,-1.64%,3342.286,3904.49,2.69387E+13,1.9989E+13,8.01558E+12,0.025,3342.286,3904.49,2.69387E+13,1.9989E+13,8.01558E+12,12.187,0.3336,26.0389,15.1997,10.3894,0.022495,0.022628,0.022735,0.026081,0.029202,0.031633,0.033762,0.033803,0.037151,0.038625
172,2400,2015/8/31,3.403,3.47,3.47,3.39,-0.67%,3366.536,3932.81,2.70901E+13,2.0127E+13,8.18387E+12,0.0251,3366.536,3932.81,2.70901E+13,2.0127E+13,8.18387E+12,12.1179,0.3321,26.0389,15.2002,10.3894,0.022608,0.023,0.022519,0.026069,0.02931,0.031345,0.0333,0.033252,0.0366,0.038074
173,2399,2015/9/1,3.354,3.407,3.407,3.35,-1.44%,3362.083,3927.61,2.7488E+13,2.03281E+13,8.17592E+12,0.0247,3362.083,3927.61,2.7488E+13,2.03281E+13,8.17592E+12,12.2959,0.3358,26.0389,15.2002,10.3894,0.022549,0.022829,0.022628,0.026191,0.029348,0.031178,0.033149,0.033002,0.03663,0.038014
174,2398,2015/9/2,3.344,3.377,3.377,3.341,-0.30%,3365.832,3931.99,2.78265E+13,2.04981E+13,8.18364E+12,0.0244,3365.832,3931.99,2.78265E+13,2.04981E+13,8.18364E+12,12.4473,0.3391,26.0389,15.2002,10.3894,0.022434,0.022497,0.022586,0.026202,0.029493,0.031428,0.033149,0.033002,0.03663,0.038014
175,2397,2015/9/5,3.344,3.344,3.344,3.344,0.00%,,,,,,,,,,,,,,,,,,,,,,,,,,
176,2396,2015/9/6,3.346,3.346,3.346,3.346,0.06%,,,,,,,,,,,,,,,,,0.021862,0.022766,0.02254,0.026155,0.029405,0.031459,0.033249,0.033203,0.03683,0.038214
177,2395,2015/9/7,3.359,3.363,3.368,3.35,0.39%,3250.485,3797.24,2.66211E+13,1.96739E+13,7.90484E+12,0.0255,3250.485,3797.24,2.66211E+13,1.96739E+13,7.90484E+12,11.9093,0.3291,26.0389,15.2021,10.3894,0.022133,0.022916,0.022643,0.026338,0.029659,0.031924,0.033498,0.033352,0.036979,0.038517
178,2394,2015/9/8,3.381,3.363,3.39,3.363,0.65%,3334.023,3894.83,2.71835E+13,2.00836E+13,8.11042E+12,0.025,3334.023,3894.83,2.71835E+13,2.00836E+13,8.11042E+12,12.1608,0.3348,26.0389,15.2021,10.3894,0.022482,0.023007,0.022736,0.026465,0.029774,0.031763,0.033564,0.033603,0.037229,0.03831
179,2393,2015/9/9,3.384,3.393,3.393,3.382,0.09%,3399.305,3971.99,2.76727E+13,2.04578E+13,8.27065E+12,0.0245,3399.305,3971.99,2.76727E+13,2.04578E+13,8.27065E+12,12.3779,0.3394,26.0389,15.2021,10.3894,0.022068,0.023059,0.022543,0.026491,0.029902,0.031843,0.033457,0.033478,0.037104,0.038185
180,2392,2015/9/10,3.374,3.41,3.41,3.374,-0.30%,3357.561,3923.21,2.73425E+13,2.0255E+13,8.16728E+12,0.0248,3357.561,3923.21,2.73425E+13,2.0255E+13,8.16728E+12,12.2302,0.3361,26.0389,15.2021,10.3894,0.022078,0.022996,0.022546,0.026511,0.029938,0.031901,0.033549,0.033453,0.037079,0.03816
181,2391,2015/9/11,3.383,3.393,3.393,3.379,0.27%,3347.188,3911.09,2.72055E+13,2.01579E+13,8.14098E+12,0.025,3347.188,3911.09,2.72055E+13,2.01579E+13,8.14098E+12,12.1689,0.3351,26.0389,15.2012,10.3894,0.022194,0.023266,0.022543,0.026374,0.029764,0.031918,0.0334,0.033404,0.03703,0.038111
182,2390,2015/9/14,3.386,3.43,3.43,3.365,0.09%,3281.132,3833.91,2.67861E+13,1.98468E+13,7.97689E+12,0.0254,3281.132,3833.91,2.67861E+13,1.98468E+13,7.97689E+12,11.9813,0.3303,26.0389,15.2021,10.3894,0.021707,0.022957,0.022862,0.026499,0.029708,0.031718,0.033448,0.033303,0.036929,0.03801
183,2389,2015/9/15,3.373,3.383,3.383,3.364,-0.38%,3152.232,3683.29,2.59963E+13,1.92424E+13,7.66459E+12,0.0261,3152.232,3683.29,2.59963E+13,1.92424E+13,7.66459E+12,11.6278,0.3163,26.0389,15.2021,10.3894,0.021769,0.022728,0.023261,0.026599,0.029683,0.031562,0.033149,0.033104,0.036739,0.03782
184,2388,2015/9/16,3.349,3.378,3.378,3.346,-0.71%,3309.248,3866.91,2.70661E+13,2.00627E+13,8.04818E+12,0.0251,3309.248,3866.91,2.70661E+13,2.00627E+13,8.04818E+12,12.1063,0.3328,26.0389,15.2021,10.3894,0.021671,0.022597,0.02333,0.026619,0.029681,0.031413,0.033248,0.033103,0.036738,0.03812
185,2387,2015/9/17,3.355,3.357,3.36,3.353,0.18%,3236.999,3782.48,2.65315E+13,1.96579E+13,7.87153E+12,0.0256,3236.999,3782.48,2.65315E+13,1.96579E+13,7.87153E+12,11.8671,0.3283,26.0389,15.2021,10.3894,0.02197,0.022507,0.023062,0.026614,0.029822,0.031666,0.0332,0.033204,0.036839,0.03797
186,2386,2015/9/18,3.353,3.364,3.364,3.353,-0.06%,3251.273,3799.29,2.65543E+13,1.96679E+13,7.90434E+12,0.0256,3251.273,3799.29,2.65543E+13,1.96679E+13,7.90434E+12,11.8771,0.3289,26.0389,15.2012,10.3894,0.02227,0.023196,0.023292,0.026677,0.029739,0.031467,0.033297,0.033105,0.03674,0.037828
187,2385,2015/9/21,3.361,3.36,3.361,3.33,0.24%,3308.247,3865.87,2.68877E+13,1.99325E+13,8.0424E+12,0.0253,3308.247,3865.87,2.68877E+13,1.99325E+13,8.0424E+12,12.0262,0.3324,26.0389,15.2021,10.3894,0.022646,0.023295,0.023271,0.02684,0.029905,0.031419,0.033249,0.033204,0.03709,0.038178
188,2384,2015/9/22,3.356,3.365,3.365,3.348,-0.15%,3339.03,3901.84,2.71313E+13,2.01051E+13,8.11562E+12,0.025,3339.03,3901.84,2.71313E+13,2.01051E+13,8.11562E+12,12.1351,0.3365,26.0389,15.2021,10.3894,0.022492,0.023039,0.023078,0.026775,0.029815,0.031548,0.033299,0.033255,0.0374,0.038488
189,2383,2015/9/23,3.36,3.365,3.367,3.352,0.12%,3263.028,3813.89,2.65018E+13,1.96393E+13,7.93014E+12,0.0256,3263.028,3813.89,2.65018E+13,1.96393E+13,7.93014E+12,11.8536,0.3283,26.0389,15.2021,10.3894,0.022525,0.023095,0.023086,0.027111,0.030098,0.031507,0.033399,0.033354,0.037502,0.038612
190,2382,2015/9/24,3.366,3.364,3.37,3.36,0.18%,3284.999,3839.62,2.66415E+13,1.97508E+13,7.98373E+12,0.0255,3284.999,3839.62,2.66415E+13,1.97508E+13,7.98373E+12,11.9142,0.3311,26.0389,15.2021,10.3894,0.022641,0.023193,0.022893,0.027003,0.029981,0.03132,0.03327,0.03318,0.037452,0.038715
191,2381,2015/9/25,3.356,3.378,3.378,3.353,-0.30%,3231.951,3777.62,2.63586E+13,1.95347E+13,7.85379E+12,0.0258,3231.951,3777.62,2.63586E+13,1.95347E+13,7.85379E+12,11.7877,0.3273,26.0389,15.2012,10.3894,0.022533,0.023423,0.023625,0.026949,0.029771,0.031226,0.033248,0.033101,0.037373,0.038769
192,2380,2015/9/27,3.356,3.356,3.356,3.356,0.00%,,,,,,,,,,,,,,,,,,,,,,,,,,
193,2379,2015/9/28,3.358,3.38,3.38,3.31,0.06%,3242.752,3790.25,2.6351E+13,1.9527E+13,7.88152E+12,0.0258,3242.752,3790.25,2.6351E+13,1.9527E+13,7.88152E+12,11.7842,0.3274,26.0389,15.2021,10.3894,0.02242,0.023294,0.024032,0.027033,0.029605,0.030929,0.033048,0.032906,0.037178,0.038574
194,2378,2015/9/29,3.333,3.353,3.353,3.326,-0.74%,3178.854,3715.63,2.58297E+13,1.91334E+13,7.72609E+12,0.0263,3178.854,3715.63,2.58297E+13,1.91334E+13,7.72609E+12,11.5508,0.3085,26.0389,15.2021,10.3894,0.021939,0.023193,0.02389,0.027003,0.029483,0.030574,0.032696,0.032457,0.037408,0.038804
195,2377,2015/9/30,3.302,3.335,3.335,3.29,-0.93%,3202.948,3743.8,2.59723E+13,1.92499E+13,7.82689E+12,0.0261,3202.948,3743.8,2.59723E+13,1.92499E+13,7.82689E+12,11.6167,0.3138,26.0389,15.2021,10.3894,0.022139,0.023299,0.023919,0.026715,0.029183,0.030529,0.032598,0.032362,0.037313,0.038709
196,2376,2015/10/3,3.302,3.302,3.302,3.302,0.00%,,,,,,,,,,,,,,,,,,,,,,,,,,
197,2375,2015/10/8,3.288,3.28,3.29,3.26,-0.42%,3296.482,3853.12,2.66786E+13,1.97824E+13,8.05765E+12,0.0255,3296.482,3853.12,2.66786E+13,1.97824E+13,8.05765E+12,11.9325,0.3332,26.0389,15.2021,10.3894,0.021806,0.023177,0.024031,0.026588,0.029041,0.030433,0.032474,0.032409,0.03736,0.038756
198,2374,2015/10/9,3.269,3.288,3.288,3.253,-0.58%,3340.116,3904.13,2.70007E+13,2.004E+13,8.16445E+12,0.0252,3340.116,3904.13,2.70007E+13,2.004E+13,8.16445E+12,12.0766,0.3364,26.0389,15.2012,10.3894,0.022259,0.022916,0.024091,0.026396,0.028535,0.029739,0.031794,0.031486,0.03686,0.038256
199,2373,2015/10/10,3.21,3.21,3.21,3.21,-1.80%,,,,,,,,,,,,,,,,,0.022348,0.022826,0.024116,0.026315,0.028389,0.029538,0.031539,0.031612,0.036985,0.038381
200,2372,2015/10/12,3.181,3.25,3.25,3.14,-0.90%,3447.693,4030.41,2.78025E+13,2.0657E+13,8.42971E+12,0.0244,3447.693,4030.41,2.78025E+13,2.0657E+13,8.42971E+12,12.4365,0.3476,26.0389,15.2021,10.3894,0.022553,0.023199,0.024269,0.026436,0.028497,0.029641,0.031598,0.031488,0.037185,0.038581
201,2371,2015/10/13,3.182,3.19,3.19,3.172,0.03%,3445.043,4027.35,2.77237E+13,2.06042E+13,8.42382E+12,0.0245,3445.043,4027.35,2.77237E+13,2.06042E+13,8.42382E+12,12.4012,0.3472,26.0389,15.2021,10.3894,0.022753,0.023393,0.024186,0.026359,0.028296,0.029237,0.031246,0.031064,0.037324,0.03872
202,2370,2015/10/14,3.15,3.185,3.185,3.113,-1.01%,3406.112,3981.84,2.74681E+13,2.04748E+13,8.32798E+12,0.0247,3406.112,3981.84,2.74681E+13,2.04748E+13,8.32798E+12,12.2869,0.3439,26.0389,15.2021,10.3894,0.023474,0.023394,0.024084,0.026263,0.028037,0.028729,0.030548,0.030414,0.036725,0.038125
203,2369,2015/10/15,3.099,3.153,3.153,3.091,-1.62%,3486.815,4076.19,2.80183E+13,2.08859E+13,8.52818E+12,0.0242,3486.815,4076.19,2.80183E+13,2.08859E+13,8.52818E+12,12.5331,0.3542,26.0389,15.2021,10.3894,0.023395,0.023249,0.02419,0.025908,0.027751,0.029059,0.031143,0.030814,0.036847,0.038155
204,2368,2015/10/16,3.15,3.105,3.153,3.1,1.65%,3534.065,4131.42,2.83815E+13,2.11721E+13,8.64335E+12,0.0239,3534.065,4131.42,2.83815E+13,2.11721E+13,8.64335E+12,12.6909,0.3598,26.0389,15.2012,10.3894,0.023425,0.024023,0.02432,0.02635,0.028315,0.02966,0.031446,0.031216,0.037249,0.038557
205,2367,2015/10/18,3.15,3.15,3.15,3.15,0.00%,,,,,,,,,,,,,,,,,,,,,,,,,,
206,2366,2015/10/19,3.172,3.17,3.174,3.13,0.70%,3534.182,4131.56,2.83702E+13,2.11605E+13,8.6446E+12,0.0239,3534.182,4131.56,2.83702E+13,2.11605E+13,8.6446E+12,12.6858,0.3596,26.0389,15.2021,10.3894,0.023513,0.023547,0.024286,0.026236,0.028122,0.029676,0.031372,0.031214,0.036999,0.038057
207,2365,2015/10/20,3.16,3.173,3.173,3.148,-0.38%,3577.703,4182.55,2.86689E+13,2.13876E+13,8.75093E+12,0.0237,3577.703,4182.55,2.86689E+13,2.13876E+13,8.75093E+12,12.8161,0.3657,26.0389,15.2021,10.3894,0.02358,0.023548,0.024255,0.02614,0.02792,0.029058,0.030796,0.030615,0.03662,0.037612
208,2364,2015/10/21,3.108,3.16,3.16,3.1,-1.65%,3473.254,4060.44,2.81576E+13,2.09899E+13,8.49247E+12,0.0241,3473.254,4060.44,2.81576E+13,2.09899E+13,8.49247E+12,12.5854,0.3567,26.0389,15.2021,10.3894,0.023516,0.02355,0.024273,0.026112,0.027872,0.029087,0.030698,0.030615,0.036621,0.037613
209,2363,2015/10/22,3.102,3.133,3.133,3.092,-0.19%,3524.534,4120.39,2.8386E+13,2.11527E+13,8.6181E+12,0.0239,3524.534,4120.39,2.8386E+13,2.11527E+13,8.6181E+12,12.6875,0.3604,26.0389,15.2021,10.3894,0.023537,0.023722,0.024234,0.026059,0.027827,0.028962,0.030744,0.030516,0.036621,0.037613
210,2362,2015/10/23,3.103,3.122,3.122,3.09,0.03%,3571.241,4174.99,2.86438E+13,2.13601E+13,8.7321E+12,0.0237,3571.241,4174.99,2.86438E+13,2.13601E+13,8.7321E+12,12.7846,0.366,26.0389,15.2012,10.3894,0.023516,0.023636,0.024454,0.026099,0.027778,0.028865,0.030598,0.0304,0.036825,0.037817
211,2361,2015/10/26,3.086,3.05,3.086,3.02,-0.55%,3589.261,4196.06,2.87668E+13,2.1457E+13,8.77326E+12,0.0236,3589.261,4196.06,2.87668E+13,2.1457E+13,8.77326E+12,12.8605,0.3682,26.0389,15.2021,10.3894,0.023708,0.023764,0.024237,0.025905,0.027533,0.028562,0.030156,0.0302,0.036625,0.037618
212,2360,2015/10/27,3.035,3.105,3.105,3.034,-1.65%,3592.879,4200.29,2.87207E+13,2.14401E+13,8.78191E+12,0.0237,3592.879,4200.29,2.87207E+13,2.14401E+13,8.78191E+12,12.8601,0.3682,26.0389,15.2021,10.3894,0.02388,0.023547,0.023748,0.025492,0.027139,0.028112,0.029772,0.0298,0.036226,0.037218
213,2359,2015/10/28,3.009,3.057,3.057,2.997,-0.86%,3524.92,4120.84,2.82825E+13,2.11047E+13,8.61087E+12,0.024,3524.92,4120.84,2.82825E+13,2.11047E+13,8.61087E+12,12.6741,0.3591,26.0389,15.2021,10.3894,0.023628,0.02328,0.023698,0.025544,0.027247,0.028215,0.029949,0.02987,0.036296,0.037288
214,2358,2015/10/29,3.037,3.018,3.038,3.012,0.93%,3533.307,4130.65,2.83033E+13,2.11291E+13,8.63491E+12,0.024,3533.307,4130.65,2.83033E+13,2.11291E+13,8.63491E+12,12.7424,0.3649,26.0389,15.2021,10.3894,0.023414,0.023655,0.023683,0.025434,0.027158,0.028915,0.030501,0.0305,0.036713,0.037487
215,2357,2015/10/30,3.082,3.053,3.084,3.047,1.48%,3534.079,4131.55,2.82761E+13,2.10995E+13,8.69232E+12,0.024,3534.079,4131.55,2.82761E+13,2.10995E+13,8.69232E+12,12.992,0.3738,26.0389,15.2012,10.3894,0.023564,0.023866,0.023513,0.02548,0.02738,0.029112,0.030573,0.0306,0.036813,0.037587
216,2356,2015/11/2,3.089,3.12,3.12,3.075,0.23%,3475.962,4063.61,2.7825E+13,2.07509E+13,8.53236E+12,0.0244,3475.962,4063.61,2.7825E+13,2.07509E+13,8.53236E+12,12.7901,0.3674,26.0389,15.2021,10.3894,0.023254,0.023774,0.024032,0.025614,0.027159,0.029032,0.03055,0.030525,0.036738,0.037512
217,2355,2015/11/3,3.089,3.1,3.1,3.082,0.00%,3465.493,4051.37,2.76905E+13,2.06582E+13,8.50736E+12,0.0245,3465.493,4051.37,2.76905E+13,2.06582E+13,8.50736E+12,12.7283,0.3645,26.0389,15.2021,10.3894,0.023388,0.023847,0.024284,0.025845,0.027414,0.029284,0.0308,0.0308,0.037018,0.037792
218,2354,2015/11/4,3.117,3.093,3.119,3.093,0.91%,3628.538,4242.08,2.88969E+13,2.15496E+13,8.90914E+12,0.0235,3628.538,4242.08,2.88969E+13,2.15496E+13,8.90914E+12,13.2829,0.3876,26.0389,15.2021,10.3894,0.023516,0.024039,0.024312,0.026075,0.027809,0.029734,0.031163,0.031351,0.037569,0.038343
219,2353,2015/11/5,3.139,3.123,3.147,3.123,0.71%,3705.97,4332.6,2.95553E+13,2.20323E+13,9.10265E+12,0.023,3705.97,4332.6,2.95553E+13,2.20323E+13,9.10265E+12,13.5855,0.4152,26.0389,15.2021,10.3894,0.023216,0.023845,0.024342,0.026099,0.027618,0.029657,0.0314,0.03115,0.037369,0.038143
220,2352,2015/11/6,3.162,3.145,3.164,3.143,0.73%,3793.374,4434.78,3.01209E+13,2.24499E+13,9.32071E+12,0.0226,3793.374,4434.78,3.01209E+13,2.24499E+13,9.32071E+12,13.8438,0.4298,26.0389,15.2012,10.3894,0.023649,0.023955,0.02463,0.026186,0.027781,0.029647,0.031349,0.03125,0.037129,0.037909
221,2351,2015/11/9,3.172,3.2,3.25,3.162,0.32%,3840.355,4489.71,3.06455E+13,2.28216E+13,9.4384E+12,0.0222,3840.355,4489.71,3.06455E+13,2.28216E+13,9.4384E+12,14.0845,0.4452,26.0389,15.2021,10.3894,0.024834,0.024628,0.025389,0.026887,0.028381,0.030479,0.032499,0.032099,0.037978,0.038758
222,2350,2015/11/10,3.267,3.167,3.32,3.167,2.99%,3833.238,4481.39,3.05443E+13,2.27482E+13,9.42362E+12,0.0222,3833.238,4481.39,3.05443E+13,2.27482E+13,9.42362E+12,14.0379,0.4415,26.0389,15.2021,10.3894,0.025145,0.024575,0.02555,0.026964,0.028431,0.030523,0.031973,0.032001,0.037879,0.038659
223,2349,2015/11/11,3.219,3.273,3.273,3.211,-1.47%,3833.646,4481.86,3.04839E+13,2.27052E+13,9.42398E+12,0.0223,3833.646,4481.86,3.04839E+13,2.27052E+13,9.42398E+12,14.0102,0.4403,26.0389,15.2021,10.3894,0.024567,0.02458,0.025616,0.026978,0.028405,0.030195,0.031424,0.031226,0.037379,0.038159
224,2348,2015/11/12,3.169,3.238,3.238,3.168,-1.55%,3795.324,4437.06,3.01779E+13,2.2482E+13,9.32976E+12,0.0225,3795.324,4437.06,3.01779E+13,2.2482E+13,9.32976E+12,13.8643,0.4308,26.0389,15.2021,10.3894,0.025204,0.024457,0.025499,0.02687,0.028196,0.030058,0.0314,0.031351,0.037504,0.038284
225,2347,2015/11/13,3.172,3.195,3.195,3.163,0.09%,3746.242,4379.68,2.97924E+13,2.21903E+13,9.21209E+12,0.0228,3746.242,4379.68,2.97924E+13,2.21903E+13,9.21209E+12,13.6872,0.4199,26.0389,15.2012,10.3894,0.025204,0.024494,0.025589,0.026953,0.028329,0.029836,0.031349,0.03125,0.037404,0.038184
226,2346,2015/11/16,3.166,3.2,3.2,3.164,-0.19%,3764.126,4400.59,2.99072E+13,2.22986E+13,9.25612E+12,0.0227,3764.126,4400.59,2.99072E+13,2.22986E+13,9.25612E+12,13.7476,0.4217,26.0389,15.2021,10.3894,0.025469,0.024607,0.02604,0.027108,0.028314,0.029792,0.031307,0.031351,0.037504,0.038284
227,2345,2015/11/17,3.153,3.175,3.175,3.153,-0.41%,3758.387,4393.88,2.99315E+13,2.23122E+13,9.24219E+12,0.0227,3758.387,4393.88,2.99315E+13,2.23122E+13,9.24219E+12,13.7588,0.4222,26.0389,15.2021,10.3894,0.025224,0.024628,0.025911,0.027096,0.028379,0.029948,0.031366,0.031252,0.037403,0.038183
228,2344,2015/11/18,3.169,3.173,3.173,3.162,0.51%,3715.58,4343.86,2.9684E+13,2.21343E+13,9.13792E+12,0.0229,3715.58,4343.86,2.9684E+13,2.21343E+13,9.13792E+12,13.645,0.4168,26.0389,15.2021,10.3894,0.025222,0.025164,0.025907,0.027156,0.028375,0.030119,0.031599,0.031402,0.037553,0.038333
229,2343,2015/11/19,3.193,3.188,3.197,3.18,0.76%,3774.969,4413.3,3.0027E+13,2.23944E+13,9.28538E+12,0.0226,3774.969,4413.3,3.0027E+13,2.23944E+13,9.28538E+12,13.8004,0.4255,26.0389,15.2021,10.3894,0.025093,0.02514,0.025948,0.027308,0.028638,0.030021,0.031797,0.031402,0.037553,0.038333
230,2342,2015/11/20,3.188,3.22,3.22,3.182,-0.16%,3774.383,4412.61,3.00002E+13,2.23813E+13,9.28465E+12,0.0226,3774.383,4412.61,3.00002E+13,2.23813E+13,9.28465E+12,13.7881,0.424,26.0389,15.2012,10.3894,0.025043,0.025495,0.025764,0.02719,0.028573,0.029786,0.031648,0.031251,0.037403,0.038415
231,2341,2015/11/22,3.188,3.188,3.188,3.188,0.00%,,,,,,,,,,,,,,,,,,,,,,,,,,
232,2340,2015/11/23,3.194,3.2,3.213,3.194,0.19%,3753.335,4388,2.98487E+13,2.22687E+13,9.23022E+12,0.0228,3753.335,4388,2.98487E+13,2.22687E+13,9.23022E+12,13.7185,0.4193,26.0389,15.2021,10.3894,0.025252,0.025493,0.025849,0.027259,0.028636,0.029892,0.031649,0.031302,0.037453,0.038466
233,2339,2015/11/24,3.182,3.195,3.195,3.182,-0.38%,3753.889,4388.65,2.98238E+13,2.22474E+13,9.23324E+12,0.0228,3753.889,4388.65,2.98238E+13,2.22474E+13,9.23324E+12,13.707,0.418,26.0389,15.2021,10.3894,0.025307,0.025468,0.025676,0.027094,0.028455,0.029638,0.031399,0.031077,0.037228,0.038241
234,2338,2015/11/25,3.166,3.175,3.175,3.156,-0.50%,3781.607,4421.06,3.00296E+13,2.24037E+13,9.30343E+12,0.0226,3781.607,4421.06,3.00296E+13,2.24037E+13,9.30343E+12,13.8016,0.4255,26.0389,15.2021,10.3894,0.025211,0.025497,0.025802,0.02725,0.0286,0.02941,0.031298,0.030852,0.037004,0.038017
235,2337,2015/11/26,3.151,3.178,3.178,3.145,-0.47%,3759.429,4395.13,2.99026E+13,2.23026E+13,9.24811E+12,0.0227,3759.429,4395.13,2.99026E+13,2.23026E+13,9.24811E+12,13.7432,0.4197,26.0389,15.2021,10.3894,0.024969,0.025305,0.025639,0.027235,0.028513,0.02909,0.030899,0.030503,0.036957,0.038273
236,2336,2015/11/27,3.111,3.15,3.15,3.111,-1.27%,3556.992,4158.46,2.83769E+13,2.11415E+13,8.74848E+12,0.0239,3556.992,4158.46,2.83769E+13,2.11415E+13,8.74848E+12,13.0421,0.3767,26.0389,15.2012,10.3894,0.025169,0.025504,0.025738,0.027127,0.028336,0.029005,0.030799,0.030603,0.037057,0.038373
237,2335,2015/11/30,3.103,3.13,3.13,3.07,-0.26%,3566.412,4169.47,2.84736E+13,2.12014E+13,8.77031E+12,0.0239,3566.412,4169.47,2.84736E+13,2.12014E+13,8.77031E+12,13.0865,0.3785,26.0389,15.2021,10.3894,0.025701,0.025706,0.025754,0.02715,0.028277,0.028843,0.030475,0.030404,0.036857,0.038173
238,2334,2015/12/1,3.073,3.113,3.113,3.068,-0.97%,3591.696,4199.03,2.85488E+13,2.12902E+13,8.82748E+12,0.0238,3591.696,4199.03,2.85488E+13,2.12902E+13,8.82748E+12,13.1211,0.3806,26.0389,15.2021,10.3894,0.025743,0.025829,0.025754,0.026881,0.027925,0.028884,0.0305,0.030504,0.036957,0.038273
239,2333,2015/12/2,3.081,3.075,3.097,3.075,0.26%,3721.955,4351.32,2.96198E+13,2.20642E+13,9.14835E+12,0.0229,3721.955,4351.32,2.96198E+13,2.20642E+13,9.14835E+12,13.6133,0.4119,26.0389,15.2021,10.3894,0.025499,0.025523,0.025656,0.026813,0.027885,0.029003,0.030649,0.030454,0.036907,0.038223
240,2332,2015/12/3,3.087,3.108,3.108,3.086,0.19%,3749.299,4383.28,2.99909E+13,2.23123E+13,9.21505E+12,0.0226,3749.299,4383.28,2.99909E+13,2.23123E+13,9.21505E+12,13.7839,0.4226,26.0389,15.2021,10.3894,0.025627,0.025671,0.025506,0.026353,0.027152,0.028655,0.030449,0.030304,0.036757,0.038073
241,2331,2015/12/4,3.073,3.1,3.1,3.073,-0.45%,3677.592,4299.45,2.932E+13,2.18404E+13,9.03713E+12,0.0232,3677.592,4299.45,2.932E+13,2.18404E+13,9.03713E+12,13.4755,0.4014,26.0389,15.2012,10.3894,0.025033,0.025221,0.025351,0.026213,0.027071,0.028661,0.030251,0.030254,0.036722,0.038038
242,2330,2015/12/7,3.053,3.1,3.1,3.052,-0.65%,3687.607,4311.16,2.93111E+13,2.18499E+13,9.06236E+12,0.0232,3687.607,4311.16,2.93111E+13,2.18499E+13,9.06236E+12,13.4719,0.4003,26.0389,15.2021,10.3894,0.025098,0.025029,0.025201,0.026241,0.027242,0.028651,0.030399,0.03028,0.036747,0.038064
243,2329,2015/12/8,3.063,3.068,3.068,3.055,0.33%,3623.02,4235.65,2.87915E+13,2.14663E+13,8.90567E+12,0.0236,3623.02,4235.65,2.87915E+13,2.14663E+13,8.90567E+12,13.2331,0.3847,26.0389,15.2021,10.3894,0.024713,0.024739,0.024911,0.026053,0.027099,0.028393,0.030199,0.030005,0.036472,0.037789
244,2328,2015/12/9,3.049,3.065,3.065,3.048,-0.46%,3635.938,4250.75,2.88864E+13,2.15371E+13,8.93159E+12,0.0235,3635.938,4250.75,2.88864E+13,2.15371E+13,8.93159E+12,13.2737,0.388,26.0389,15.2021,10.3894,0.024516,0.02471,0.024866,0.026014,0.027106,0.028226,0.03005,0.029968,0.036435,0.037752
245,2327,2015/12/10,3.032,3.05,3.05,3.03,-0.56%,3623.084,4235.73,2.87517E+13,2.14314E+13,8.90346E+12,0.0236,3623.084,4235.73,2.87517E+13,2.14314E+13,8.90346E+12,13.2118,0.3847,26.0389,15.2021,10.3894,0.024411,0.024528,0.024841,0.025973,0.027115,0.028277,0.030025,0.030018,0.036485,0.037802
246,2326,2015/12/11,3.029,3.052,3.052,3.028,-0.10%,3608.059,4218.16,2.86122E+13,2.13318E+13,8.8676E+12,0.0237,3608.059,4218.16,2.86122E+13,2.13318E+13,8.8676E+12,13.1477,0.3816,26.0389,15.2012,10.3894,0.023967,0.024029,0.024644,0.025853,0.02706,0.028178,0.029907,0.029931,0.036398,0.037715
247,2325,2015/12/14,3.017,3.1,3.1,3.015,-0.40%,3711.322,4338.89,3.02744E+13,2.21765E+13,9.23066E+12,0.0226,3711.322,4338.89,3.02744E+13,2.21765E+13,9.23066E+12,13.6702,0.4164,26.0389,15.2021,10.3894,0.024019,0.024365,0.024523,0.026006,0.027332,0.028434,0.0303,0.030306,0.036773,0.03809
248,2324,2015/12/15,3.053,3.04,3.057,3.025,1.19%,3694.389,4319.09,3.00543E+13,2.20299E+13,9.18784E+12,0.0227,3694.389,4319.09,3.00543E+13,2.20299E+13,9.18784E+12,13.5676,0.4094,26.0389,15.2021,10.3894,0.024038,0.024043,0.024474,0.026023,0.027387,0.028263,0.03015,0.030157,0.036624,0.037941
249,2323,2015/12/16,3.043,3.06,3.06,3.041,-0.33%,3685.44,4309.15,3.00338E+13,2.20026E+13,9.1643E+12,0.0228,3685.44,4309.15,3.00338E+13,2.20026E+13,9.1643E+12,13.5585,0.409,26.0389,15.2021,10.3894,0.023988,0.023998,0.024028,0.025784,0.027292,0.0282,0.029907,0.030007,0.036474,0.037791
250,2322,2015/12/17,3.012,3.047,3.047,3.012,-1.02%,3755.888,4391.52,3.05193E+13,2.23522E+13,9.3398E+12,0.0224,3755.888,4391.52,3.05193E+13,2.23522E+13,9.3398E+12,13.7776,0.4226,26.0389,15.2021,10.3894,0.023821,0.023981,0.023907,0.025608,0.026961,0.027667,0.029899,0.029857,0.036326,0.037643
251,2321,2015/12/18,3.012,3.02,3.023,3.003,0.00%,3767.913,4405.58,3.05869E+13,2.2387E+13,9.37339E+12,0.0224,3767.913,4405.58,3.05869E+13,2.2387E+13,9.37339E+12,13.8082,0.4269,26.0389,15.2012,10.3894,0.023661,0.023746,0.023647,0.025355,0.02666,0.027344,0.0295,0.029408,0.035994,0.03735
252,2320,2015/12/21,2.966,3.03,3.03,2.95,-1.53%,3865.965,4520.22,3.12164E+13,2.287E+13,9.6164E+12,0.0219,3865.965,4520.22,3.12164E+13,2.287E+13,9.6164E+12,14.0924,0.4456,26.0389,15.2021,10.3894,0.023332,0.023494,0.023601,0.024752,0.025836,0.026996,0.028653,0.028811,0.035696,0.037052
253,2319,2015/12/22,2.885,2.958,2.958,2.882,-2.73%,3876.733,4532.81,3.12359E+13,2.28918E+13,9.64232E+12,0.0219,3876.733,4532.81,3.12359E+13,2.28918E+13,9.64232E+12,14.1011,0.446,26.0389,15.2021,10.3894,0.023301,0.023519,0.023204,0.024513,0.025761,0.026629,0.028529,0.02861,0.035496,0.036852
254,2318,2015/12/23,2.876,2.89,2.89,2.875,-0.31%,3866.381,4520.71,3.11862E+13,2.28498E+13,9.61907E+12,0.0219,3866.381,4520.71,3.11862E+13,2.28498E+13,9.61907E+12,14.0787,0.4432,26.0389,15.2021,10.3894,0.023505,0.023606,0.023332,0.024605,0.025722,0.026794,0.028415,0.02846,0.035346,0.036702
255,2317,2015/12/24,2.864,2.877,2.877,2.861,-0.42%,3829.402,4477.47,3.09372E+13,2.26641E+13,9.52842E+12,0.0221,3829.402,4477.47,3.09372E+13,2.26641E+13,9.52842E+12,13.9663,0.4374,26.0389,15.2021,10.3894,0.023302,0.023387,0.023135,0.024452,0.025603,0.02663,0.02805,0.02801,0.034896,0.036252
256,2316,2015/12/25,2.836,2.87,2.87,2.833,-0.98%,3838.201,4487.76,3.09762E+13,2.27043E+13,9.55321E+12,0.0221,3838.201,4487.76,3.09762E+13,2.27043E+13,9.55321E+12,13.9959,0.4389,26.0389,15.2012,10.3894,0.023061,0.023056,0.022946,0.024355,0.025694,0.026565,0.028102,0.028061,0.034947,0.036303
257,2315,2015/12/28,2.842,2.9,2.9,2.841,0.21%,3727.632,4358.5,3.01756E+13,2.21063E+13,9.27866E+12,0.0227,3727.632,4358.5,3.01756E+13,2.21063E+13,9.27866E+12,13.6341,0.4156,26.0389,15.2021,10.3894,0.023015,0.023137,0.023076,0.024268,0.025412,0.026585,0.02805,0.027961,0.034847,0.036203
258,2314,2015/12/29,2.834,2.858,2.858,2.832,-0.28%,3761.875,4398.54,3.04134E+13,2.22979E+13,9.36241E+12,0.0225,3761.875,4398.54,3.04134E+13,2.22979E+13,9.36241E+12,13.7416,0.4209,26.0389,15.2021,10.3894,0.023015,0.023079,0.023076,0.024128,0.025153,0.0266,0.0281,0.028061,0.034947,0.036303
259,2313,2015/12/30,2.84,2.843,2.85,2.838,0.21%,3765.175,4402.4,3.04882E+13,2.23083E+13,9.37909E+12,0.0224,3765.175,4402.4,3.04882E+13,2.23083E+13,9.37909E+12,13.7806,0.4246,26.0389,15.2021,10.3894,0.022656,0.02261,0.022979,0.024204,0.025395,0.027014,0.028399,0.028261,0.034811,0.036172
260,2312,2015/12/31,2.871,2.85,2.873,2.85,1.09%,3731.005,4362.44,3.02541E+13,2.21442E+13,9.31205E+12,0.0226,3731.005,4362.44,3.02541E+13,2.21442E+13,9.31205E+12,13.6748,0.418,26.0389,15.2021,10.3894,0.022507,0.02258,0.022979,0.024235,0.025466,0.027014,0.028361,0.028212,0.034762,0.036123
261,2311,2016/1/4,2.869,2.88,2.925,2.869,-0.07%,3469.066,4056.17,2.83667E+13,2.07536E+13,8.6667E+12,0.0241,3469.066,4056.17,2.83667E+13,2.07536E+13,8.6667E+12,12.8217,0.3693,26.0389,15.2012,10.3894,0.023002,0.023166,0.023479,0.024598,0.025697,0.027488,0.028701,0.02871,0.034885,0.036246
